32 116 256
32 97 257
104 101 258
105 110 259
114 101 260
111 110 261
256 258 262
101 114 263
97 116 264
32 111 265
32 115 266
101 110 267
32 99 268
101 115 269
32 119 270
105 115 271
110 100 272
105 116 273
111 114 274
32 112 275
97 108 276
32 102 277
97 110 278
32 98 279
265 102 280
259 103 281
101 100 282
32 259 283
111 117 284
97 114 285
32 109 286
257 272 287
105 99 288
256 111 289
105 261 290
32 100 291
108 101 292
114 111 293
97 115 294
267 116 295
32 104 296
256 104 297
99 116 298
32 101 299
32 260 300
105 108 301
111 109 302
118 101 303
32 108 304
115 116 305
32 110 306
32 271 307
108 121 308
279 101 309
226 128 310
32 84 311
264 290 312
32 103 313
115 101 314
111 108 315
105 109 316
101 116 317
105 100 318
99 101 319
114 97 320
117 116 321
111 116 322
117 114 323
99 104 324
111 119 325
277 274 326
105 103 327
32 65 328
32 117 329
32 121 330
266 116 331
32 261 332
32 83 333
297 264 334
118 263 335
105 114 336
32 73 337
32 67 338
117 108 339
97 121 340
257 115 341
97 109 342
273 104 343
101 108 344
275 293 345
330 284 346
268 261 347
257 260 348
97 100 349
258 114 350
257 110 351
270 343 352
105 102 353
265 114 354
111 100 355
32 273 356
116 263 357
257 108 358
270 104 359
109 295 360
311 258 361
32 77 362
103 101 363
269 115 364
116 104 365
32 40 366
264 101 367
111 112 368
32 80 369
263 115 370
271 116 371
32 49 372
291 101 373
299 120 374
105 269 375
97 98 376
301 108 377
268 302 378
32 258 379
101 298 380
266 117 381
260 115 382
273 121 383
117 115 384
32 66 385
105 303 386
310 153 387
270 101 388
32 118 389
97 99 390
111 260 391
269 116 392
117 109 393
278 116 394
296 97 395
113 117 396
111 115 397
107 101 398
293 109 399
105 118 400
101 109 401
108 100 402
117 100 403
268 278 404
32 87 405
97 259 406
32 72 407
112 112 408
279 121 409
110 116 410
327 104 411
32 68 412
32 69 413
268 104 414
111 99 415
274 116 416
257 116 417
105 276 418
97 272 419
277 399 420
32 114 421
306 101 422
32 70 423
32 82 424
270 294 425
117 260 426
266 101 427
32 50 428
32 292 429
288 276 430
117 110 431
32 310 432
285 116 433
306 322 434
114 105 435
32 267 436
111 103 437
32 78 438
266 104 439
395 303 440
32 71 441
32 76 442
266 112 443
112 116 444
270 274 445
297 271 446
290 115 447
257 98 448
411 116 449
114 284 450
284 114 451
276 108 452
32 316 453
100 117 454
101 260 455
288 104 456
112 263 457
346 114 458
111 305 459
259 101 460
97 298 461
329 115 462
275 108 463
116 350 464
84 258 465
284 402 466
302 101 467
97 103 468
264 282 469
103 104 470
112 108 471
284 116 472
262 336 473
285 100 474
344 108 475
102 102 476
48 48 477
283 116 478
97 363 479
105 122 480
318 101 481
97 260 482
32 79 483
117 305 484
278 115 485
294 116 486
378 112 487
97 107 488
101 99 489
257 100 490
359 456 491
339 116 492
32 107 493
101 285 494
270 258 495
270 377 496
347 116 497
32 85 498
111 355 499
283 99 500
284 115 501
291 271 502
262 121 503
99 99 504
105 98 505
267 100 506
358 108 507
105 112 508
312 115 509
303 108 510
300 115 511
114 117 512
97 112 513
337 110 514
274 109 515
286 391 516
105 97 517
115 111 518
296 294 519
261 103 520
268 108 521
291 111 522
32 74 523
376 292 524
311 104 525
285 121 526
310 157 527
267 319 528
107 115 529
117 276 530
264 263 531
101 119 532
453 112 533
278 319 534
295 115 535
114 121 536
105 260 537
286 278 538
259 100 539
256 101 540
265 464 541
101 112 542
327 110 543
97 324 544
279 321 545
358 518 546
382 115 547
286 101 548
301 100 549
260 264 550
97 398 551
273 290 552
275 263 553
294 101 554
298 290 555
288 101 556
32 106 557
332 101 558
257 408 559
275 260 560
111 111 561
432 156 562
331 403 563
294 115 564
97 118 565
388 260 566
329 110 567
316 101 568
97 117 569
97 319 570
283 102 571
98 263 572
274 121 573
265 321 574
266 111 575
257 114 576
390 107 577
261 101 578
448 472 579
39 115 580
274 100 581
114 273 582
284 410 583
335 121 584
299 118 585
359 111 586
99 269 587
275 433 588
271 104 589
266 121 590
267 115 591
333 116 592
278 103 593
372 57 594
275 101 595
266 99 596
117 98 597
262 109 598
117 101 599
342 101 600
378 109 601
274 115 602
105 398 603
110 325 604
114 288 605
41 46 606
315 437 607
32 396 608
111 314 609
272 263 610
337 116 611
286 340 612
108 325 613
353 102 614
428 48 615
284 272 616
260 101 617
329 112 618
32 75 619
97 301 620
105 292 621
309 99 622
340 115 623
296 271 624
273 101 625
368 292 626
256 320 627
525 271 628
300 99 629
105 101 630
495 110 631
264 269 632
266 467 633
281 115 634
105 278 635
356 115 636
353 288 637
297 278 638
313 111 639
478 111 640
263 118 641
256 568 642
276 365 643
291 614 644
445 107 645
296 325 646
338 104 647
262 260 648
262 314 649
108 403 650
32 293 651
347 115 652
329 314 653
309 267 654
360 115 655
330 494 656
109 263 657
265 335 658
256 114 659
108 288 660
276 308 661
109 115 662
450 470 663
257 298 664
257 103 665
112 104 666
265 323 667
595 626 668
329 610 669
110 281 670
259 116 671
273 375 672
284 470 673
108 108 674
261 115 675
260 110 676
257 504 677
357 110 678
261 100 679
561 107 680
569 314 681
32 51 682
510 368 683
335 115 684
121 115 685
116 101 686
309 116 687
32 86 688
313 267 689
108 269 690
304 603 691
268 315 692
111 303 693
119 101 694
305 401 695
286 459 696
292 298 697
279 108 698
422 282 699
476 380 700
493 604 701
105 501 702
106 380 703
32 320 704
379 108 705
381 324 706
32 34 707
291 269 708
300 108 709
32 89 710
336 305 711
500 650 712
705 112 713
293 119 714
99 364 715
266 97 716
112 292 717
121 112 718
422 119 719
105 295 720
288 115 721
260 100 722
32 353 723
345 118 724
339 285 725
264 386 726
264 281 727
283 100 728
275 114 729
351 121 730
462 282 731
373 683 732
270 466 733
99 282 734
275 104 735
256 119 736
111 98 737
296 349 738
277 101 739
345 454 740
111 118 741
312 276 742
105 317 743
300 112 744
301 383 745
450 272 746
359 264 747
300 103 748
297 663 749
435 98 750
299 109 751
280 102 752
111 315 753
323 281 754
538 121 755
414 549 756
271 101 757
443 489 758
258 100 759
317 104 760
644 455 761
257 99 762
285 107 763
102 339 764
374 112 765
264 104 766
116 115 767
590 695 768
397 115 769
257 109 770
275 111 771
277 711 772
102 357 773
332 308 774
263 109 775
258 110 776
117 99 777
306 111 778
320 298 779
490 100 780
498 110 781
271 115 782
379 643 783
117 382 784
276 115 785
341 115 786
259 107 787
322 104 788
294 282 789
278 363 790
505 292 791
439 466 792
99 121 793
110 101 794
285 324 795
270 475 796
116 267 797
293 112 798
263 116 799
277 108 800
105 282 801
325 263 802
270 531 803
615 49 804
283 118 805
104 264 806
736 111 807
41 44 808
98 292 809
97 119 810
381 408 811
320 109 812
101 102 813
373 99 814
265 98 815
266 323 816
381 98 817
273 115 818
325 110 819
315 100 820
694 267 821
73 110 822
432 147 823
288 107 824
417 116 825
353 101 826
268 111 827
300 109 828
296 411 829
103 278 830
324 110 831
321 290 832
120 116 833
533 416 834
32 45 835
659 485 836
374 342 837
349 101 838
687 821 839
275 382 840
286 355 841
105 528 842
258 115 843
283 357 844
429 285 845
266 109 846
607 121 847
32 52 848
323 276 849
110 103 850
326 109 851
286 551 852
101 335 853
314 108 854
283 305 855
502 99 856
407 101 857
389 285 858
656 115 859
313 317 860
32 53 861
300 314 862
515 312 863
102 391 864
271 109 865
495 260 866
275 370 867
328 115 868
110 364 869
119 110 870
264 97 871
300 102 872
268 466 873
301 121 874
32 350 875
286 282 876
324 753 877
116 281 878
318 295 879
374 457 880
259 269 881
256 718 882
273 282 883
761 410 884
306 393 885
394 115 886
445 402 887
299 700 888
266 543 889
319 444 890
259 115 891
288 116 892
117 324 893
261 116 894
279 117 895
455 100 896
657 288 897
299 285 898
488 281 899
103 317 900
268 583 901
264 426 902
268 285 903
118 295 904
32 282 905
500 260 906
102 116 907
108 419 908
257 773 909
32 398 910
266 316 911
511 112 912
622 681 913
277 315 914
103 121 915
345 715 916
563 535 917
336 261 918
270 340 919
266 415 920
291 317 921
430 308 922
296 393 923
371 115 924
275 315 925
689 263 926
291 105 927
275 264 928
304 520 929
557 484 930
428 477 931
512 298 932
270 582 933
400 269 934
540 831 935
105 532 936
374 116 937
585 267 938
117 269 939
511 492 940
834 394 941
530 308 942
99 107 943
32 584 944
323 110 945
277 616 946
300 349 947
111 121 948
277 461 949
427 101 950
268 97 951
268 295 952
285 109 953
305 419 954
288 269 955
300 396 956
427 99 957
262 110 958
304 285 959
328 897 960
100 115 961
274 107 962
302 109 963
322 350 964
112 115 965
294 269 966
400 318 967
101 103 968
277 499 969
99 263 970
108 282 971
291 371 972
571 863 973
266 107 974
291 871 975
295 418 976
345 103 977
313 320 978
468 269 979
268 260 980
299 544 981
373 102 982
576 116 983
309 281 984
355 121 985
380 290 986
304 826 987
914 613 988
480 282 989
84 104 990
266 317 991
405 101 992
275 597 993
50 48 994
369 293 995
331 114 996
297 609 997
291 754 998
299 584 999
46 46 1000
480 101 1001
268 452 1002
304 415 1003
601 431 1004
335 110 1005
286 261 1006
293 115 1007
563 121 1008
32 295 1009
257 118 1010
588 288 1011
118 918 1012
102 515 1013
268 323 1014
286 121 1015
283 115 1016
105 684 1017
429 349 1018
373 112 1019
46 527 1020
361 121 1021
462 281 1022
372 56 1023
276 383 1024
266 258 1025
265 870 1026
257 321 1027
286 259 1028
345 809 1029
429 510 1030
104 508 1031
278 121 1032
286 838 1033
407 325 1034
119 474 1035
522 269 1036
756 676 1037
277 539 1038
268 258 1039
423 274 1040
275 368 1041
32 54 1042
264 350 1043
279 577 1044
867 261 1045
286 406 1046
421 449 1047
374 471 1048
116 292 1049
118 282 1050
286 893 1051
328 108 1052
328 110 1053
268 274 1054
313 714 1055
313 499 1056
105 111 1057
337 102 1058
266 877 1059
277 342 1060
716 318 1061
487 292 1062
316 269 1063
279 788 1064
337 272 1065
339 312 1066
260 349 1067
103 103 1068
313 108 1069
259 276 1070
277 431 1071
266 600 1072
389 276 1073
256 392 1074
114 276 1075
266 641 1076
316 367 1077
105 396 1078
293 108 1079
1012 360 1080
266 315 1081
664 400 1082
110 319 1083
116 282 1084
46 44 1085
862 795 1086
439 325 1087
49 57 1088
276 101 1089
32 364 1090
345 116 1091
99 261 1092
105 344 1093
256 550 1094
256 551 1095
724 318 1096
124 124 1097
296 371 1098
116 258 1099
304 364 1100
669 954 1101
421 271 1102
100 552 1103
99 295 1104
436 100 1105
846 452 1106
309 864 1107
280 797 1108
502 101 1109
967 530 1110
521 564 1111
275 802 1112
105 120 1113
331 367 1114
415 107 1115
488 269 1116
414 285 1117
300 454 1118
105 267 1119
321 101 1120
275 769 1121
359 621 1122
259 282 1123
263 915 1124
114 261 1125
117 272 1126
395 272 1127
743 121 1128
372 48 1129
101 120 1130
304 273 1131
116 121 1132
100 263 1133
354 830 1134
708 543 1135
286 97 1136
885 572 1137
259 319 1138
267 103 1139
279 985 1140
424 101 1141
837 717 1142
285 115 1143
273 276 1144
728 1110 1145
811 416 1146
384 115 1147
265 504 1148
923 278 1149
389 271 1150
291 819 1151
652 318 1152
477 48 1153
302 267 1154
118 269 1155
278 99 1156
266 263 1157
99 108 1158
601 261 1159
279 114 1160
331 433 1161
268 482 1162
313 450 1163
289 111 1164
639 1005 1165
273 447 1166
665 406 1167
257 746 1168
463 340 1169
97 104 1170
461 263 1171
118 281 1172
275 779 1173
105 393 1174
97 336 1175
105 263 1176
117 112 1177
286 401 1178
333 99 1179
320 259 1180
271 759 1181
306 325 1182
507 325 1183
304 680 1184
400 281 1185
328 114 1186
286 484 1187
299 697 1188
260 410 1189
32 55 1190
296 316 1191
490 118 1192
990 271 1193
347 102 1194
712 281 1195
309 108 1196
290 276 1197
97 303 1198
760 355 1199
299 396 1200
350 115 1201
710 284 1202
297 617 1203
100 340 1204
771 671 1205
313 117 1206
291 340 1207
905 777 1208
406 115 1209
313 550 1210
323 121 1211
32 392 1212
357 115 1213
108 460 1214
118 267 1215
275 322 1216
294 104 1217
463 278 1218
351 276 1219
111 104 1220
268 475 1221
339 108 1222
114 375 1223
451 587 1224
268 451 1225
1007 115 1226
299 294 1227
333 112 1228
265 112 1229
263 281 1230
307 115 1231
361 314 1232
537 298 1233
436 1080 1234
344 115 1235
114 312 1236
480 312 1237
593 117 1238
956 537 1239
257 119 1240
309 104 1241
99 302 1242
269 112 1243
256 401 1244
32 303 1245
559 293 1246
361 260 1247
295 276 1248
268 292 1249
105 355 1250
103 267 1251
87 806 1252
497 259 1253
608 392 1254
482 100 1255
531 418 1256
259 364 1257
317 115 1258
32 481 1259
414 790 1260
49 48 1261
1017 383 1262
101 101 1263
291 318 1264
347 305 1265
854 102 1266
32 56 1267
108 589 1268
286 384 1269
468 110 1270
100 101 1271
740 298 1272
345 102 1273
273 386 1274
732 360 1275
337 115 1276
352 259 1277
840 295 1278
993 660 1279
397 282 1280
405 104 1281
463 570 1282
304 419 1283
304 810 1284
278 107 1285
418 308 1286
300 116 1287
951 384 1288
476 288 1289
533 293 1290
270 394 1291
291 114 1292
400 267 1293
799 406 1294
959 363 1295
376 745 1296
436 103 1297
438 532 1298
286 1199 1299
414 593 1300
444 290 1301
701 110 1302
297 787 1303
320 666 1304
103 263 1305
318 115 1306
267 314 1307
302 115 1308
845 670 1309
116 116 1310
328 272 1311
263 276 1312
279 267 1313
284 365 1314
286 264 1315
744 416 1316
97 120 1317
1002 282 1318
845 110 1319
345 703 1320
895 549 1321
432 152 1322
286 317 1323
279 111 1324
32 57 1325
385 321 1326
275 323 1327
293 454 1328
590 109 1329
338 261 1330
275 397 1331
297 673 1332
581 281 1333
268 492 1334
310 148 1335
352 472 1336
284 110 1337
331 377 1338
471 269 1339
380 282 1340
331 419 1341
266 302 1342
373 109 1343
920 418 1344
436 1124 1345
310 147 1346
412 101 1347
286 1256 1348
429 103 1349
259 99 1350
44 527 1351
455 305 1352
724 481 1353
32 879 1354
259 312 1355
712 101 1356
1092 302 1357
735 685 1358
286 449 1359
105 335 1360
257 336 1361
415 105 1362
105 274 1363
108 364 1364
268 513 1365
260 267 1366
279 294 1367
279 392 1368
286 763 1369
284 314 1370
451 319 1371
279 260 1372
109 101 1373
268 114 1374
277 532 1375
348 97 1376
110 263 1377
266 108 1378
377 115 1379
353 121 1380
716 102 1381
413 850 1382
1109 554 1383
98 115 1384
453 109 1385
571 108 1386
1093 100 1387
289 112 1388
98 370 1389
548 294 1390
291 261 1391
345 457 1392
275 564 1393
259 281 1394
310 156 1395
294 261 1396
105 535 1397
328 100 1398
607 430 1399
299 292 1400
1165 360 1401
1102 107 1402
889 637 1403
264 288 1404
295 308 1405
32 46 1406
106 274 1407
32 38 1408
353 801 1409
274 110 1410
304 1238 1411
497 1079 1412
474 115 1413
910 542 1414
286 377 1415
960 278 1416
304 449 1417
708 99 1418
1034 853 1419
116 261 1420
264 115 1421
275 547 1422
296 467 1423
115 112 1424
400 282 1425
277 259 1426
504 364 1427
266 273 1428
299 116 1429
687 357 1430
104 274 1431
276 107 1432
73 116 1433
594 57 1434
265 408 1435
413 120 1436
263 99 1437
288 292 1438
977 812 1439
1010 620 1440
295 290 1441
274 365 1442
1196 630 1443
306 264 1444
119 623 1445
698 499 1446
351 964 1447
1313 813 1448
279 384 1449
116 406 1450
118 936 1451
622 467 1452
112 285 1453
117 103 1454
338 108 1455
780 552 1456
291 1233 1457
32 81 1458
553 1250 1459
548 278 1460
300 276 1461
478 1352 1462
99 281 1463
271 290 1464
304 325 1465
283 454 1466
351 116 1467
270 1154 1468
299 1357 1469
265 457 1470
427 335 1471
256 263 1472
805 315 1473
274 375 1474
1098 573 1475
1011 725 1476
268 681 1477
256 260 1478
331 932 1479
97 457 1480
309 103 1481
482 410 1482
275 406 1483
1148 323 1484
98 101 1485
300 305 1486
1014 1189 1487
304 486 1488
781 883 1489
320 112 1490
373 118 1491
781 1262 1492
533 461 1493
119 962 1494
560 904 1495
32 91 1496
333 104 1497
257 700 1498
116 111 1499
379 260 1500
957 679 1501
101 282 1502
1136 1407 1503
351 316 1504
311 111 1505
463 394 1506
988 281 1507
286 693 1508
268 459 1509
109 278 1510
322 101 1511
258 260 1512
291 344 1513
901 536 1514
548 485 1515
782 290 1516
369 104 1517
105 107 1518
415 384 1519
354 1133 1520
270 285 1521
405 776 1522
345 109 1523
739 344 1524
275 285 1525
101 349 1526
111 318 1527
1403 394 1528
97 122 1529
108 1181 1530
277 390 1531
268 276 1532
437 1304 1533
317 288 1534
72 325 1535
437 110 1536
1121 791 1537
112 114 1538
306 261 1539
338 315 1540
448 292 1541
898 308 1542
110 115 1543
277 617 1544
1229 267 1545
117 798 1546
424 269 1547
1471 276 1548
553 1013 1549
354 327 1550
271 282 1551
299 108 1552
278 587 1553
347 110 1554
279 680 1555
304 316 1556
260 116 1557
108 281 1558
277 391 1559
39 116 1560
279 105 1561
342 269 1562
1060 874 1563
1216 976 1564
264 274 1565
1167 305 1566
99 292 1567
405 806 1568
1440 524 1569
479 360 1570
347 100 1571
111 335 1572
677 364 1573
592 632 1574
111 322 1575
285 99 1576
445 529 1577
104 121 1578
506 282 1579
265 402 1580
296 327 1581
323 464 1582
348 294 1583
279 789 1584
263 110 1585
547 290 1586
439 416 1587
105 485 1588
596 720 1589
389 315 1590
286 301 1591
268 550 1592
1094 360 1593
268 1294 1594
301 285 1595
304 371 1596
266 340 1597
355 101 1598
369 108 1599
114 371 1600
286 492 1601
112 274 1602
46 34 1603
277 260 1604
306 600 1605
882 101 1606
112 416 1607
259 97 1608
111 292 1609
971 363 1610
858 702 1611
302 112 1612
541 115 1613
311 101 1614
342 112 1615
770 520 1616
318 528 1617
328 102 1618
1029 662 1619
372 53 1620
264 573 1621
268 554 1622
277 1519 1623
98 114 1624
432 148 1625
559 660 1626
291 599 1627
329 410 1628
117 314 1629
297 634 1630
685 271 1631
266 1138 1632
1411 479 1633
32 48 1634
275 321 1635
333 101 1636
338 963 1637
506 115 1638
1071 555 1639
395 408 1640
422 285 1641
283 678 1642
286 899 1643
111 671 1644
73 102 1645
322 115 1646
315 832 1647
1029 109 1648
112 380 1649
758 375 1650
1163 112 1651
372 55 1652
275 459 1653
32 90 1654
487 321 1655
1466 305 1656
397 112 1657
758 637 1658
286 285 1659
1546 101 1660
768 115 1661
344 102 1662
445 961 1663
805 392 1664
378 101 1665
1244 457 1666
115 99 1667
421 431 1668
286 267 1669
1444 849 1670
921 775 1671
49 56 1672
288 492 1673
266 119 1674
338 278 1675
318 269 1676
389 936 1677
111 102 1678
257 363 1679
288 312 1680
313 114 1681
1006 365 1682
1208 312 1683
1449 1257 1684
980 367 1685
436 115 1686
381 1427 1687
652 393 1688
278 101 1689
379 433 1690
786 1362 1691
880 842 1692
365 673 1693
65 115 1694
1117 1171 1695
429 116 1696
372 50 1697
321 426 1698
300 319 1699
416 431 1700
328 674 1701
413 110 1702
561 529 1703
770 583 1704
513 115 1705
296 121 1706
114 281 1707
378 98 1708
441 355 1709
87 101 1710
405 274 1711
935 847 1712
1030 115 1713
119 119 1714
906 554 1715
471 948 1716
388 101 1717
115 119 1718
1273 364 1719
651 292 1720
540 390 1721
1241 565 1722
367 103 1723
368 101 1724
111 349 1725
111 120 1726
1571 1166 1727
328 116 1728
279 293 1729
888 386 1730
115 121 1731
389 336 1732
1003 276 1733
376 308 1734
750 321 1735
513 101 1736
1068 392 1737
256 1063 1738
506 281 1739
498 83 1740
289 315 1741
1041 1066 1742
318 100 1743
268 582 1744
296 474 1745
306 317 1746
1225 314 1747
336 99 1748
901 1223 1749
277 301 1750
379 349 1751
553 1104 1752
1078 101 1753
815 115 1754
815 703 1755
300 292 1756
49 49 1757
277 451 1758
301 672 1759
940 115 1760
304 376 1761
1027 1431 1762
1618 605 1763
110 322 1764
856 1147 1765
102 570 1766
32 263 1767
413 1660 1768
426 100 1769
737 276 1770
268 121 1771
294 357 1772
933 281 1773
279 1180 1774
382 295 1775
103 282 1776
265 444 1777
760 281 1778
313 1293 1779
882 269 1780
381 1737 1781
117 360 1782
258 109 1783
294 281 1784
431 101 1785
436 99 1786
111 107 1787
359 121 1788
256 945 1789
358 1445 1790
1221 115 1791
928 1397 1792
261 269 1793
336 100 1794
1004 383 1795
291 342 1796
291 320 1797
1290 303 1798
32 377 1799
1131 1049 1800
488 267 1801
483 110 1802
266 623 1803
762 1226 1804
49 50 1805
910 121 1806
644 1673 1807
256 775 1808
109 273 1809
1422 426 1810
497 406 1811
1101 281 1812
925 273 1813
305 273 1814
489 1286 1815
83 116 1816
462 942 1817
540 833 1818
273 350 1819
699 115 1820
996 520 1821
1152 263 1822
367 308 1823
374 371 1824
291 623 1825
277 1698 1826
292 360 1827
320 121 1828
118 702 1829
358 520 1830
423 114 1831
105 382 1832
266 281 1833
444 1308 1834
1300 269 1835
443 570 1836
306 515 1837
275 1480 1838
401 572 1839
559 494 1840
390 269 1841
274 281 1842
414 452 1843
1082 672 1844
32 39 1845
266 481 1846
427 401 1847
313 386 1848
346 850 1849
911 1595 1850
1418 750 1851
483 114 1852
291 327 1853
817 703 1854
841 344 1855
345 112 1856
277 613 1857
701 1610 1858
422 715 1859
289 1204 1860
338 295 1861
1628 301 1862
493 539 1863
277 285 1864
512 555 1865
758 418 1866
435 282 1867
1481 259 1868
505 745 1869
451 115 1870
1342 1778 1871
270 623 1872
465 260 1873
1243 1815 1874
1249 285 1875
1386 117 1876
53 48 1877
323 383 1878
563 375 1879
544 281 1880
677 583 1881
709 509 1882
912 675 1883
292 116 1884
578 121 1885
1231 939 1886
404 970 1887
264 784 1888
416 115 1889
405 285 1890
286 539 1891
1212 376 1892
256 536 1893
1581 350 1894
266 591 1895
391 100 1896
565 269 1897
313 746 1898
888 115 1899
608 1024 1900
277 1222 1901
304 531 1902
376 690 1903
1062 686 1904
1091 380 1905
448 693 1906
454 298 1907
463 886 1908
342 109 1909
119 482 1910
1000 46 1911
108 263 1912
275 486 1913
371 288 1914
373 766 1915
1415 290 1916
331 542 1917
388 449 1918
105 408 1919
333 111 1920
121 109 1921
395 1172 1922
105 312 1923
102 274 1924
299 121 1925
508 115 1926
691 308 1927
647 1600 1928
900 350 1929
289 1929 1930
390 99 1931
304 460 1932
331 573 1933
97 102 1934
264 602 1935
306 321 1936
974 1379 1937
429 907 1938
422 833 1939
692 292 1940
1219 1631 1941
441 267 1942
103 269 1943
304 322 1944
596 842 1945
1145 115 1946
286 741 1947
478 1328 1948
455 1083 1949
926 276 1950
271 261 1951
952 1211 1952
32 1874 1953
304 769 1954
560 100 1955
521 1077 1956
267 793 1957
385 101 1958
508 292 1959
629 581 1960
385 108 1961
98 121 1962
286 322 1963
109 259 1964
264 324 1965
729 316 1966
1090 340 1967
1090 976 1968
277 1387 1969
1240 340 1970
115 481 1971
854 1155 1972
317 121 1973
413 285 1974
511 1224 1975
445 100 1976
1358 430 1977
645 281 1978
438 742 1979
268 1748 1980
385 582 1981
1039 109 1982
390 121 1983
271 99 1984
537 100 1985
268 966 1986
97 444 1987
381 260 1988
104 281 1989
266 625 1990
313 260 1991
362 282 1992
110 276 1993
273 281 1994
339 269 1995
385 121 1996
1055 365 1997
32 36 1998
592 403 1999
271 281 2000
286 1116 2001
277 1582 2002
495 464 2003
540 342 2004
646 853 2005
1118 319 2006
331 264 2007
421 790 2008
337 109 2009
1369 317 2010
441 111 2011
1329 1834 2012
347 970 2013
275 1482 2014
372 54 2015
983 1438 2016
294 107 2017
78 65 2018
1073 599 2019
105 315 2020
284 320 2021
292 121 2022
1082 383 2023
341 107 2024
266 1371 2025
400 383 2026
117 410 2027
110 282 2028
365 281 2029
47 47 2030
436 673 2031
109 459 2032
405 343 2033
291 743 2034
44 34 2035
32 122 2036
302 269 2037
1054 260 2038
97 316 2039
429 486 2040
324 630 2041
637 312 2042
32 335 2043
351 1718 2044
1254 447 2045
276 269 2046
347 890 2047
279 327 2048
1272 115 2049
289 1035 2050
677 1333 2051
704 100 2052
292 542 2053
304 802 2054
285 281 2055
304 386 2056
70 274 2057
333 467 2058
406 282 2059
422 335 2060
1711 402 2061
300 1396 2062
87 776 2063
740 555 2064
277 452 2065
925 288 2066
288 293 2067
291 415 2068
862 1576 2069
117 292 2070
401 288 2071
844 461 2072
260 342 2073
397 271 2074
269 99 2075
682 48 2076
58 2030 2077
431 103 2078
876 430 2079
300 100 2080
279 264 2081
639 281 2082
301 116 2083
277 1126 2084
857 643 2085
65 110 2086
276 102 2087
266 1662 2088
270 539 2089
291 302 2090
266 295 2091
296 1370 2092
597 660 2093
1731 324 2094
800 117 2095
1382 1268 2096
300 471 2097
1254 290 2098
300 661 2099
279 336 2100
483 794 2101
468 281 2102
102 263 2103
49 54 2104
309 613 2105
949 602 2106
1289 720 2107
224 164 2108
256 512 2109
117 312 2110
273 403 2111
95 95 2112
49 53 2113
277 537 2114
97 408 2115
322 116 2116
381 109 2117
121 695 2118
302 278 2119
629 1536 2120
627 1103 2121
102 461 2122
266 616 2123
414 111 2124
335 479 2125
497 295 2126
291 578 2127
735 322 2128
575 301 2129
974 259 2130
1604 396 2131
321 447 2132
921 620 2133
1173 556 2134
270 481 2135
441 775 2136
514 678 2137
594 56 2138
1754 641 2139
121 292 2140
384 290 2141
114 367 2142
369 114 2143
422 103 2144
728 288 2145
275 766 2146
427 267 2147
538 1570 2148
709 469 2149
783 121 2150
1062 120 2151
1076 556 2152
121 108 2153
110 342 2154
299 476 2155
780 547 2156
49 51 2157
273 269 2158
302 317 2159
283 273 2160
118 276 2161
732 282 2162
320 662 2163
475 281 2164
494 324 2165
282 105 2166
1096 269 2167
257 2041 2168
947 281 2169
980 469 2170
693 722 2171
906 789 2172
288 418 2173
1069 1770 2174
260 1373 2175
371 721 2176
523 1220 2177
629 963 2178
320 100 2179
372 52 2180
421 367 2181
372 51 2182
744 1775 2183
331 547 2184
618 261 2185
448 745 2186
117 282 2187
1882 1031 2188
1010 1527 2189
338 894 2190
345 98 2191
1152 896 2192
275 340 2193
98 261 2194
277 620 2195
109 572 2196
586 292 2197
332 1214 2198
1011 508 2199
1833 292 2200
324 278 2201
111 261 2202
1131 263 2203
1435 1700 2204
1691 469 2205
333 1314 2206
73 68 2207
108 449 2208
277 114 2209
105 342 2210
112 321 2211
263 121 2212
265 301 2213
442 101 2214
289 116 2215
585 295 2216
1666 902 2217
291 437 2218
112 293 2219
400 276 2220
751 1716 2221
1045 276 2222
1163 965 2223
858 105 2224
480 281 2225
911 717 2226
591 386 2227
286 544 2228
277 435 2229
261 305 2230
448 115 2231
521 609 2232
1067 121 2233
816 1766 2234
286 1885 2235
50 49 2236
512 103 2237
605 116 2238
69 82 2239
306 742 2240
282 1312 2241
400 301 2242
331 632 2243
438 1442 2244
278 110 2245
323 115 2246
368 104 2247
277 589 2248
1327 112 2249
119 340 2250
32 323 2251
308 281 2252
378 269 2253
576 103 2254
311 114 2255
692 108 2256
271 269 2257
306 902 2258
314 396 2259
333 258 2260
698 577 2261
960 97 2262
1039 943 2263
421 1043 2264
608 824 2265
266 1001 2266
299 1819 2267
1156 418 2268
342 259 2269
263 303 2270
277 953 2271
1046 1450 2272
1246 544 2273
1348 115 2274
256 1801 2275
328 298 2276
525 264 2277
304 1185 2278
692 697 2279
1479 426 2280
468 282 2281
622 600 2282
1299 115 2283
1041 725 2284
32 321 2285
260 103 2286
1460 281 2287
1297 460 2288
49 55 2289
304 340 2290
373 103 2291
1321 281 2292
303 260 2293
328 484 2294
275 416 2295
569 470 2296
1686 426 2297
339 509 2298
598 1972 2299
32 684 2300
268 321 2301
338 276 2302
419 115 2303
268 383 2304
67 104 2305
794 121 2306
84 111 2307
267 587 2308
345 686 2309
358 2233 2310
451 1993 2311
548 317 2312
880 1119 2313
1239 100 2314
103 392 2315
522 298 2316
87 104 2317
403 100 2318
111 269 2319
332 319 2320
1269 288 2321
729 1350 2322
359 625 2323
1448 818 2324
259 357 2325
266 276 2326
362 285 2327
293 674 2328
1076 955 2329
112 318 2330
892 290 2331
575 907 2332
443 1067 2333
876 288 2334
97 101 2335
300 461 2336
563 295 2337
99 720 2338
505 114 2339
585 1617 2340
542 506 2341
277 386 2342
296 820 2343
1009 537 2344
487 1032 2345
347 1103 2346
320 272 2347
424 542 2348
390 282 2349
273 526 2350
1287 945 2351
110 587 2352
97 105 2353
347 1907 2354
267 281 2355
841 1585 2356
89 284 2357
397 269 2358
1234 276 2359
296 1310 2360
712 269 2361
1532 99 2362
1743 292 2363
389 481 2364
413 109 2365
1655 263 2366
713 115 2367
328 98 2368
739 282 2369
108 603 2370
51 48 2371
328 109 2372
478 968 2373
1859 526 2374
313 294 2375
97 321 2376
588 115 2377
362 278 2378
338 79 2379
338 285 2380
1381 101 2381
390 529 2382
561 314 2383
1259 97 2384
286 564 2385
427 1453 2386
268 368 2387
32 61 2388
749 472 2389
263 501 2390
266 2053 2391
376 317 2392
41 58 2393
404 1764 2394
50 477 2395
920 1128 2396
1065 517 2397
49 52 2398
1178 1389 2399
1227 121 2400
1656 536 2401
98 789 2402
111 572 2403
393 101 2404
1098 274 2405
117 344 2406
876 517 2407
323 324 2408
114 469 2409
65 82 2410
69 83 2411
338 1612 2412
103 281 2413
277 1575 2414
372 477 2415
393 112 2416
266 342 2417
46 41 2418
278 734 2419
371 534 2420
709 327 2421
786 364 2422
115 104 2423
288 690 2424
294 99 2425
386 308 2426
817 305 2427
1390 426 2428
1472 662 2429
65 83 2430
377 282 2431
267 101 2432
304 934 2433
433 360 2434
441 101 2435
748 474 2436
316 295 2437
928 678 2438
1331 552 2439
1717 107 2440
2069 1201 2441
315 288 2442
664 942 2443
380 447 2444
1504 785 2445
594 55 2446
101 833 2447
277 264 2448
1813 430 2449
279 285 2450
374 1437 2451
291 392 2452
751 322 2453
347 99 2454
351 110 2455
261 314 2456
299 99 2457
299 657 2458
315 108 2459
101 98 2460
627 510 2461
1469 288 2462
256 285 2463
484 302 2464
486 288 2465
858 1128 2466
50 50 2467
274 103 2468
798 435 2469
304 353 2470
1332 116 2471
268 600 2472
321 269 2473
339 367 2474
1843 1139 2475
304 787 2476
310 166 2477
699 282 2478
1372 488 2479
100 302 2480
868 115 2481
109 97 2482
384 104 2483
1682 115 2484
740 319 2485
257 555 2486
443 101 2487
576 324 2488
32 124 2489
1060 301 2490
373 542 2491
298 447 2492
362 340 2493
266 1307 2494
407 271 2495
1288 282 2496
337 73 2497
381 476 2498
304 693 2499
381 110 2500
487 278 2501
576 114 2502
1288 269 2503
104 505 2504
268 264 2505
325 115 2506
861 48 2507
32 194 2508
275 479 2509
335 314 2510
356 1266 2511
336 109 2512
330 317 2513
993 1530 2514
1281 621 2515
548 2201 2516
1331 1274 2517
1974 365 2518
1334 426 2519
1087 115 2520
373 98 2521
379 264 2522
1381 1973 2523
45 45 2524
333 415 2525
435 444 2526
1240 482 2527
108 274 2528
114 486 2529
313 1366 2530
1722 1363 2531
1982 430 2532
906 1784 2533
1426 2268 2534
65 108 2535
256 899 2536
533 1827 2537
1746 1494 2538
265 120 2539
279 323 2540
112 308 2541
313 101 2542
368 115 2543
487 261 2544
816 118 2545
263 312 2546
412 542 2547
471 288 2548
560 99 2549
751 98 2550
521 2039 2551
296 2087 2552
258 116 2553
412 114 2554
273 312 2555
376 274 2556
1245 900 2557
1315 357 2558
1458 117 2559
560 1829 2560
729 400 2561
266 1224 2562
401 444 2563
497 461 2564
286 274 2565
333 117 2566
605 492 2567
748 725 2568
490 492 2569
104 820 2570
338 111 2571
504 1333 2572
627 1394 2573
2215 276 2574
292 285 2575
296 376 2576
388 1384 2577
435 274 2578
389 2020 2579
557 737 2580
262 1490 2581
358 2032 2582
1096 282 2583
2014 115 2584
285 375 2585
296 1870 2586
300 1451 2587
111 382 2588
256 1317 2589
328 773 2590
629 295 2591
764 308 2592
99 418 2593
1047 115 2594
1135 282 2595
267 282 2596
1139 365 2597
299 365 2598
372 49 2599
676 103 2600
277 570 2601
279 276 2602
1796 479 2603
103 111 2604
1354 1380 2605
32 44 2606
286 1270 2607
331 101 2608
260 108 2609
828 741 2610
927 1270 2611
283 106 2612
291 121 2613
407 371 2614
449 115 2615
297 550 2616
304 97 2617
326 662 2618
122 101 2619
256 475 2620
502 581 2621
748 290 2622
933 797 2623
266 1113 2624
381 457 2625
299 335 2626
114 316 2627
117 2122 2628
462 269 2629
103 746 2630
1125 288 2631
259 526 2632
108 116 2633
292 120 2634
297 281 2635
427 697 2636
620 121 2637
729 671 2638
1231 599 2639
1981 589 2640
1164 107 2641
268 101 2642
565 281 2643
300 118 2644
506 263 2645
1786 2021 2646
929 263 2647
1550 259 2648
762 890 2649
777 107 2650
982 259 2651
269 678 2652
276 281 2653
256 1432 2654
291 2237 2655
439 819 2656
282 115 2657
333 877 2658
293 302 2659
912 380 2660
65 84 2661
2294 1075 2662
369 263 2663
1077 308 2664
32 105 2665
381 305 2666
592 367 2667
1160 281 2668
374 99 2669
872 263 2670
301 115 2671
1065 635 2672
309 830 2673
1183 115 2674
99 759 2675
271 357 2676
275 2094 2677
957 1878 2678
1259 294 2679
427 120 2680
286 1248 2681
32 88 2682
908 115 2683
928 720 2684
441 117 2685
710 451 2686
969 115 2687
559 108 2688
1589 637 2689
379 565 2690
2111 101 2691
269 101 2692
110 370 2693
912 2456 2694
304 577 2695
2038 298 2696
1476 308 2697
97 476 2698
103 110 2699
709 726 2700
1741 115 2701
1964 371 2702
2463 900 2703
439 482 2704
317 263 2705
271 447 2706
2177 110 2707
333 489 2708
299 264 2709
977 2163 2710
279 377 2711
110 532 2712
898 365 2713
1473 1050 2714
268 474 2715
860 878 2716
104 499 2717
1349 276 2718
1367 288 2719
1206 318 2720
98 111 2721
111 274 2722
1837 276 2723
502 471 2724
1342 317 2725
278 793 2726
328 408 2727
337 410 2728
454 99 2729
692 274 2730
825 1441 2731
257 403 2732
304 282 2733
390 843 2734
292 554 2735
710 962 2736
114 418 2737
99 843 2738
389 1931 2739
732 281 2740
285 114 2741
397 552 2742
1188 605 2743
331 2600 2744
438 111 2745
652 371 2746
2068 1782 2747
933 101 2748
73 78 2749
313 600 2750
1547 2165 2751
275 892 2752
304 437 2753
750 832 2754
895 2083 2755
1504 276 2756
1721 1201 2757
1078 269 2758
107 604 2759
1601 1959 2760
567 1753 2761
594 54 2762
66 321 2763
109 281 2764
1059 115 2765
341 1649 2766
1341 474 2767
1744 430 2768
32 47 2769
513 278 2770
1249 278 2771
1429 99 2772
285 874 2773
926 661 2774
1219 121 2775
279 1703 2776
296 953 2777
349 269 2778
369 101 2779
1109 966 2780
268 2464 2781
327 426 2782
339 469 2783
487 317 2784
752 263 2785
262 573 2786
2392 269 2787
264 934 2788
257 112 2789
261 121 2790
608 394 2791
116 375 2792
714 110 2793
903 2194 2794
362 101 2795
1443 303 2796
277 512 2797
428 53 2798
1400 655 2799
304 264 2800
412 111 2801
1227 874 2802
2469 367 2803
1706 100 2804
268 1337 2805
619 101 2806
98 315 2807
279 1171 2808
676 324 2809
996 1723 2810
273 274 2811
538 2628 2812
765 547 2813
574 1971 2814
2044 263 2815
266 613 2816
397 281 2817
1028 316 2818
951 444 2819
349 97 2820
268 512 2821
1732 384 2822
2725 1063 2823
109 121 2824
257 2125 2825
362 259 2826
118 394 2827
739 1888 2828
310 162 2829
427 795 2830
1157 702 2831
585 535 2832
911 2541 2833
1533 121 2834
2364 111 2835
270 452 2836
585 276 2837
828 406 2838
305 263 2839
319 674 2840
521 259 2841
1508 360 2842
827 335 2843
633 578 2844
257 316 2845
266 264 2846
560 112 2847
514 102 2848
2109 101 2849
320 907 2850
388 98 2851
497 1735 2852
270 499 2853
2318 104 2854
362 391 2855
397 426 2856
1343 2230 2857
111 584 2858
1205 115 2859
284 100 2860
663 116 2861
647 1608 2862
112 101 2863
303 121 2864
436 104 2865
689 1534 2866
937 2175 2867
493 1306 2868
2501 375 2869
105 322 2870
256 1116 2871
114 274 2872
1184 281 2873
475 327 2874
369 260 2875
1991 531 2876
761 1083 2877
117 363 2878
771 274 2879
271 662 2880
2121 276 2881
114 552 2882
268 1615 2883
1179 842 2884
279 376 2885
1119 793 2886
362 1032 2887
522 281 2888
1253 599 2889
257 476 2890
267 110 2891
313 474 2892
401 115 2893
825 2563 2894
291 284 2895
304 367 2896
837 1339 2897
1157 375 2898
73 83 2899
277 401 2900
1626 312 2901
1966 526 2902
487 1255 2903
331 340 2904
105 471 2905
443 1502 2906
814 260 2907
1609 99 2908
52 48 2909
1763 97 2910
102 416 2911
106 948 2912
1550 1070 2913
2050 115 2914
270 953 2915
331 368 2916
358 678 2917
560 2699 2918
1853 1144 2919
108 115 2920
111 308 2921
357 109 2922
523 2770 2923
300 303 2924
2332 1910 2925
98 278 2926
385 2854 2927
483 102 2928
1055 281 2929
103 285 2930
523 532 2931
855 273 2932
393 98 2933
291 593 2934
109 285 2935
498 115 2936
286 2067 2937
357 121 2938
369 285 2939
296 285 2940
421 472 2941
1671 460 2942
98 260 2943
34 46 2944
453 479 2945
937 320 2946
345 734 2947
557 403 2948
1642 742 2949
306 449 2950
321 104 2951
425 686 2952
739 317 2953
1589 924 2954
347 1104 2955
508 360 2956
1173 955 2957
540 1880 2958
740 734 2959
601 273 2960
117 320 2961
294 675 2962
99 375 2963
885 1389 2964
114 115 2965
338 675 2966
32 336 2967
275 2578 2968
277 565 2969
641 312 2970
1241 539 2971
326 319 2972
616 115 2973
1797 119 2974
270 549 2975
291 536 2976
1478 269 2977
108 1725 2978
119 104 2979
266 986 2980
427 2293 2981
314 116 2982
728 2341 2983
925 108 2984
1626 509 2985
1814 1120 2986
266 396 2987
665 111 2988
780 282 2989
338 302 2990
1036 110 2991
256 617 2992
591 290 2993
1073 939 2994
2666 406 2995
266 284 2996
1729 349 2997
664 386 2998
79 794 2999
607 375 3000
318 363 3001
490 368 3002
331 320 3003
848 48 3004
1316 282 3005
268 273 3006
275 577 3007
571 986 3008
698 1115 3009
108 312 3010
1150 273 3011
291 2637 3012
1591 2350 3013
424 968 3014
102 380 3015
289 870 3016
952 1075 3017
567 99 3018
110 741 3019
114 449 3020
278 529 3021
1664 327 3022
369 382 3023
489 681 3024
1549 534 3025
2066 121 3026
273 524 3027
782 447 3028
297 384 3029
370 261 3030
413 100 3031
1763 278 3032
956 1832 3033
32 208 3034
195 169 3035
935 2758 3036
73 67 3037
369 433 3038
2249 609 3039
1016 481 3040
825 577 3041
1456 276 3042
342 282 3043
523 278 3044
2265 308 3045
65 272 3046
776 115 3047
834 534 3048
1018 370 3049
118 392 3050
292 555 3051
2100 365 3052
278 97 3053
296 322 3054
277 97 3055
1186 116 3056
1251 793 3057
344 116 3058
2168 303 3059
256 506 3060
277 2241 3061
436 2912 3062
390 759 3063
424 489 3064
619 281 3065
653 764 3066
339 102 3067
353 116 3068
1018 281 3069
829 308 3070
904 290 3071
109 98 3072
1768 278 3073
39 260 3074
79 110 3075
315 269 3076
719 115 3077
109 261 3078
407 455 3079
50 53 3080
630 102 3081
263 103 3082
311 320 3083
438 101 3084
1320 115 3085
2577 625 3086
306 312 3087
362 459 3088
1127 115 3089
268 2242 3090
277 486 3091
285 105 3092
286 364 3093
286 964 3094
882 922 3095
1556 883 3096
2144 726 3097
1559 305 3098
351 2338 3099
704 259 3100
83 111 3101
266 301 3102
428 52 3103
513 357 3104
1004 1680 3105
1091 986 3106
119 1512 3107
815 1450 3108
1200 2956 3109
259 529 3110
328 99 3111
608 625 3112
692 100 3113
1334 849 3114
32 226 3115
413 108 3116
571 515 3117
1457 308 3118
79 82 3119
114 278 3120
256 323 3121
872 697 3122
121 679 3123
277 320 3124
841 1235 3125
117 526 3126
268 1226 3127
441 108 3128
1212 316 3129
318 263 3130
1365 390 3131
916 269 3132
72 101 3133
301 292 3134
324 315 3135
423 2809 3136
424 1147 3137
559 2803 3138
297 1794 3139
413 2729 3140
1161 282 3141
273 324 3142
328 1454 3143
648 864 3144
898 108 3145
1714 119 3146
432 166 3147
903 536 3148
1385 2166 3149
855 1526 3150
301 269 3151
382 104 3152
1081 285 3153
1892 1530 3154
296 274 3155
319 282 3156
811 308 3157
2316 274 3158
1004 672 3159
1892 1268 3160
264 116 3161
1491 955 3162
73 115 3163
100 281 3164
258 108 3165
712 282 3166
405 377 3167
923 485 3168
2191 1734 3169
98 680 3170
323 375 3171
423 399 3172
268 722 3173
110 97 3174
762 318 3175
268 1598 3176
443 336 3177
332 269 3178
750 1120 3179
1509 115 3180
1554 380 3181
665 2567 3182
99 467 3183
109 1516 3184
279 273 3185
480 269 3186
2228 460 3187
977 547 3188
328 103 3189
1868 670 3190
277 812 3191
286 327 3192
855 452 3193
119 531 3194
302 281 3195
1876 528 3196
2209 894 3197
277 505 3198
1150 530 3199
104 1705 3200
120 316 3201
304 111 3202
389 273 3203
99 482 3204
1192 394 3205
844 112 3206
268 798 3207
497 1209 3208
32 120 3209
99 111 3210
291 400 3211
304 2597 3212
1390 784 3213
256 782 3214
274 1602 3215
351 103 3216
2302 353 3217
79 78 3218
119 274 3219
273 263 3220
1028 2473 3221
1081 832 3222
435 1301 3223
1592 281 3224
1719 1197 3225
718 101 3226
959 1305 3227
65 67 3228
483 298 3229
490 1987 3230
2309 259 3231
259 298 3232
342 98 3233
1074 115 3234
105 1339 3235
950 107 3236
1303 281 3237
1343 419 3238
1027 302 3239
121 281 3240
304 459 3241
358 1693 3242
523 117 3243
108 316 3244
658 452 3245
1096 281 3246
306 777 3247
355 375 3248
423 711 3249
490 106 3250
575 261 3251
765 380 3252
1074 281 3253
442 494 3254
1925 269 3255
65 78 3256
105 370 3257
421 632 3258
1141 349 3259
313 406 3260
369 547 3261
286 302 3262
816 746 3263
101 396 3264
286 2908 3265
291 263 3266
1925 101 3267
50 51 3268
100 267 3269
108 342 3270
651 349 3271
475 325 3272
752 2173 3273
114 327 3274
285 635 3275
301 397 3276
1538 301 3277
438 322 3278
835 45 3279
836 1607 3280
959 2315 3281
1188 114 3282
2137 742 3283
1491 556 3284
270 1432 3285
480 509 3286
1367 271 3287
115 117 3288
279 349 3289
427 97 3290
1003 469 3291
258 305 3292
279 554 3293
362 384 3294
111 101 3295
256 435 3296
2487 488 3297
117 655 3298
421 1995 3299
379 402 3300
1347 683 3301
1428 2110 3302
1847 115 3303
293 1251 3304
1341 1413 3305
1721 350 3306
98 577 3307
429 1897 3308
442 810 3309
478 2874 3310
1400 360 3311
1614 831 3312
119 757 3313
268 284 3314
331 2140 3315
421 456 3316
1093 961 3317
594 52 3318
881 101 3319
66 121 3320
99 1220 3321
279 550 3322
464 110 3323
1113 282 3324
276 121 3325
286 271 3326
314 99 3327
927 2787 3328
338 583 3329
389 517 3330
393 278 3331
428 49 3332
581 115 3333
463 1841 3334
260 99 3335
333 641 3336
596 1089 3337
639 276 3338
2451 757 3339
266 820 3340
333 2118 3341
1292 787 3342
1629 393 3343
269 384 3344
483 464 3345
1410 517 3346
99 690 3347
109 282 3348
313 322 3349
329 2633 3350
2614 573 3351
258 349 3352
259 111 3353
268 320 3354
270 97 3355
273 380 3356
1636 444 3357
2547 2434 3358
333 109 3359
374 461 3360
297 501 3361
331 512 3362
362 355 3363
804 51 3364
50 52 3365
97 318 3366
855 512 3367
99 301 3368
276 116 3369
1016 112 3370
335 116 3371
339 97 3372
615 994 3373
104 97 3374
257 305 3375
1217 281 3376
115 115 3377
273 271 3378
453 979 3379
594 53 3380
299 1289 3381
371 536 3382
388 1043 3383
487 285 3384
498 75 3385
414 2383 3386
462 263 3387
647 549 3388
84 69 3389
300 544 3390
304 881 3391
2490 375 3392
527 46 3393
427 1396 3394
2136 278 3395
1265 1865 3396
65 116 3397
1861 263 3398
804 48 3399
1245 104 3400
1722 105 3401
1851 282 3402
300 2962 3403
369 315 3404
69 120 3405
407 285 3406
1484 115 3407
316 259 3408
514 99 3409
804 49 3410
1388 288 3411
493 281 3412
286 1441 3413
458 1266 3414
483 323 3415
586 314 3416
427 396 3417
1071 2492 3418
1777 447 3419
804 50 3420
111 398 3421
407 263 3422
392 115 3423
437 292 3424
270 295 3425
424 1360 3426
786 543 3427
465 314 3428
87 343 3429
286 583 3430
384 282 3431
912 679 3432
1955 892 3433
2475 269 3434
3217 3346 3435
273 292 3436
1329 2807 3437
2821 2593 3438
412 2018 3439
309 3123 3440
651 302 3441
1487 308 3442
1717 529 3443
80 293 3444
299 727 3445
329 272 3446
1577 258 3447
408 263 3448
98 274 3449
890 290 3450
1178 572 3451
2285 301 3452
107 121 3453
267 363 3454
362 795 3455
647 285 3456
2576 273 3457
328 73 3458
1883 791 3459
82 69 3460
114 520 3461
704 2330 3462
752 370 3463
1365 1144 3464
318 282 3465
331 435 3466
439 452 3467
514 2986 3468
622 2037 3469
1048 406 3470
339 308 3471
490 2702 3472
117 501 3473
347 2259 3474
1003 312 3475
1552 314 3476
1699 386 3477
762 349 3478
1392 1132 3479
286 782 3480
314 101 3481
765 1340 3482
119 481 3483
439 1736 3484
277 2406 3485
373 349 3486
32 58 3487
296 718 3488
289 402 3489
389 892 3490
2810 375 3491
268 753 3492
276 282 3493
279 452 3494
338 451 3495
2561 367 3496
1178 573 3497
275 278 3498
291 763 3499
627 1271 3500
286 2363 3501
314 298 3502
331 479 3503
350 110 3504
498 314 3505
392 288 3506
2642 292 3507
3143 484 3508
311 119 3509
814 1464 3510
1194 660 3511
260 3047 3512
266 110 3513
1134 1237 3514
1498 282 3515
105 285 3516
362 121 3517
497 2447 3518
659 418 3519
1641 308 3520
266 694 3521
814 108 3522
1175 115 3523
302 121 3524
423 108 3525
751 112 3526
1088 57 3527
296 1724 3528
960 485 3529
1940 555 3530
117 107 3531
268 680 3532
412 340 3533
2229 1638 3534
50 54 3535
328 410 3536
299 2107 3537
523 1785 3538
1284 115 3539
2808 517 3540
256 2017 3541
277 449 3542
630 319 3543
889 115 3544
2178 506 3545
116 568 3546
395 336 3547
559 101 3548
1048 391 3549
435 101 3550
991 116 3551
1777 316 3552
279 2861 3553
324 285 3554
3006 480 3555
2296 116 3556
279 320 3557
1448 273 3558
277 1070 3559
279 2116 3560
1893 281 3561
2602 534 3562
309 2376 3563
647 3319 3564
786 371 3565
1783 264 3566
1556 273 3567
313 934 3568
502 112 3569
645 370 3570
1392 2792 3571
1761 274 3572
2841 430 3573
2688 801 3574
99 529 3575
441 550 3576
1699 1425 3577
3131 383 3578
279 1410 3579
296 459 3580
354 100 3581
557 111 3582
1052 1693 3583
377 281 3584
601 419 3585
1126 722 3586
274 312 3587
523 3344 3588
2438 115 3589
274 479 3590
385 105 3591
1936 435 3592
730 2029 3593
256 524 3594
416 3504 3595
421 757 3596
999 578 3597
2155 1889 3598
540 544 3599
591 383 3600
988 282 3601
1904 308 3602
99 278 3603
318 535 3604
319 2196 3605
105 524 3606
651 943 3607
1687 764 3608
2097 570 3609
2724 340 3610
277 1043 3611
283 3019 3612
288 367 3613
651 322 3614
673 116 3615
761 2352 3616
1327 324 3617
277 273 3618
995 103 3619
69 68 3620
105 320 3621
328 3277 3622
333 316 3623
553 3015 3624
679 261 3625
931 56 3626
1206 481 3627
1917 115 3628
376 1759 3629
2204 383 3630
3023 879 3631
260 686 3632
462 370 3633
1159 308 3634
2204 672 3635
2569 115 3636
3321 315 3637
111 556 3638
277 3152 3639
275 267 3640
1265 394 3641
1469 121 3642
1799 869 3643
306 1442 3644
872 1949 3645
109 391 3646
666 294 3647
692 261 3648
952 263 3649
2544 535 3650
596 1366 3651
765 2856 3652
432 162 3653
999 2029 3654
1732 116 3655
2892 267 3656
260 305 3657
266 1314 3658
1111 2659 3659
1528 308 3660
2581 121 3661
105 367 3662
320 98 3663
1042 48 3664
1354 1409 3665
2011 1005 3666
291 264 3667
514 305 3668
1208 742 3669
268 1723 3670
1305 121 3671
97 543 3672
319 278 3673
326 1035 3674
665 617 3675
1428 269 3676
1695 2176 3677
2007 384 3678
2124 556 3679
935 3000 3680
270 2325 3681
328 2572 3682
423 2460 3683
828 1209 3684
299 112 3685
2317 621 3686
978 454 3687
271 312 3688
585 1647 3689
1265 273 3690
1809 1084 3691
286 737 3692
412 565 3693
437 267 3694
3140 312 3695
121 494 3696
313 336 3697
486 101 3698
949 274 3699
41 59 3700
54 48 3701
362 261 3702
453 468 3703
1106 263 3704
1467 105 3705
2885 121 3706
693 2196 3707
1102 529 3708
2405 430 3709
2744 365 3710
99 2850 3711
331 1474 3712
629 1405 3713
851 282 3714
1019 506 3715
117 120 3716
302 288 3717
434 101 3718
855 534 3719
307 110 3720
336 281 3721
32 43 3722
438 317 3723
86 2207 3724
435 813 3725
32 918 3726
1112 764 3727
1239 655 3728
268 536 3729
291 801 3730
56 48 3731
65 100 3732
281 117 3733
2155 416 3734
117 476 3735
327 267 3736
358 578 3737
374 489 3738
429 1198 3739
304 1725 3740
463 264 3741
627 943 3742
1637 431 3743
277 621 3744
277 799 3745
1824 281 3746
428 51 3747
716 119 3748
1479 784 3749
1657 1144 3750
2662 517 3751
83 467 3752
2837 117 3753
102 108 3754
601 1437 3755
1688 1301 3756
523 2311 3757
664 447 3758
677 323 3759
678 276 3760
1300 282 3761
3044 3126 3762
347 684 3763
369 2093 3764
639 269 3765
856 2171 3766
972 534 3767
293 686 3768
498 610 3769
511 1371 3770
1263 324 3771
497 2328 3772
559 308 3773
120 2664 3774
299 1068 3775
704 260 3776
1118 734 3777
1799 484 3778
2255 485 3779
3357 1839 3780
412 271 3781
434 1989 3782
463 2349 3783
1428 117 3784
277 1175 3785
1183 282 3786
3243 308 3787
338 258 3788
2539 121 3789
110 269 3790
295 121 3791
1269 1567 3792
405 392 3793
1580 263 3794
98 452 3795
355 269 3796
1292 386 3797
2360 112 3798
69 78 3799
1130 288 3800
1675 2820 3801
83 65 3802
93 46 3803
278 589 3804
338 520 3805
1462 281 3806
1702 1080 3807
2334 460 3808
279 339 3809
291 967 3810
328 260 3811
397 2118 3812
413 1215 3813
778 510 3814
105 384 3815
381 2930 3816
396 101 3817
407 411 3818
765 419 3819
1503 383 3820
2339 526 3821
277 494 3822
296 261 3823
422 411 3824
32 556 3825
296 3586 3826
270 261 3827
302 97 3828
3229 2403 3829
109 1657 3830
208 190 3831
1052 518 3832
1755 115 3833
2291 617 3834
373 276 3835
827 486 3836
2133 115 3837
115 261 3838
362 99 3839
342 97 3840
1136 3201 3841
1443 102 3842
2360 965 3843
471 570 3844
567 273 3845
69 84 3846
114 271 3847
256 267 3848
274 98 3849
275 325 3850
415 529 3851
497 779 3852
855 932 3853
268 342 3854
293 349 3855
992 98 3856
1523 322 3857
2139 282 3858
2229 506 3859
2421 702 3860
3167 2210 3861
639 785 3862
836 2103 3863
3177 273 3864
55 48 3865
102 581 3866
266 380 3867
288 97 3868
323 534 3869
735 3276 3870
2766 115 3871
375 116 3872
828 1839 3873
313 820 3874
424 282 3875
428 50 3876
1009 263 3877
2488 3356 3878
108 826 3879
1158 2141 3880
286 111 3881
353 922 3882
511 2420 3883
256 284 3884
341 314 3885
361 110 3886
434 269 3887
840 528 3888
1200 276 3889
194 176 3890
268 419 3891
286 1314 3892
289 120 3893
412 754 3894
505 308 3895
282 517 3896
286 513 3897
306 3043 3898
1330 102 3899
1191 1266 3900
1591 269 3901
282 302 3902
751 620 3903
2256 2556 3904
101 269 3905
804 54 3906
811 108 3907
356 2893 3908
2300 290 3909
108 259 3910
285 97 3911
1382 908 3912
1936 2882 3913
431 555 3914
513 370 3915
304 1078 3916
1719 290 3917
87 1578 3918
423 259 3919
698 599 3920
73 86 3921
333 323 3922
421 2070 3923
3145 1176 3924
103 259 3925
306 1562 3926
442 581 3927
2752 426 3928
104 342 3929
275 317 3930
618 100 3931
1006 273 3932
304 505 3933
326 587 3934
339 393 3935
405 582 3936
378 281 3937
729 556 3938
2527 869 3939
259 469 3940
266 261 3941
291 367 3942
413 544 3943
414 534 3944
2711 290 3945
294 529 3946
313 1562 3947
331 316 3948
431 324 3949
651 98 3950
1218 670 3951
1347 3605 3952
2481 1362 3953
2700 308 3954
98 323 3955
114 394 3956
279 3248 3957
355 340 3958
385 3024 3959
413 486 3960
995 116 3961
1038 634 3962
111 476 3963
326 657 3964
512 526 3965
1087 282 3966
50 57 3967
389 526 3968
399 101 3969
931 57 3970
2203 902 3971
3219 529 3972
275 776 3973
331 2698 3974
895 121 3975
99 486 3976
302 98 3977
320 344 3978
385 285 3979
814 2706 3980
2218 115 3981
771 308 3982
991 878 3983
1118 1463 3984
51 53 3985
557 1644 3986
982 1123 3987
1081 2132 3988
1148 1177 3989
2117 657 3990
1247 864 3991
2322 3235 3992
270 679 3993
286 344 3994
421 264 3995
932 426 3996
1473 1155 3997
3362 1068 3998
109 763 3999
282 281 4000
2195 426 4001
2759 110 4002
114 632 4003
362 264 4004
1157 303 4005
1814 832 4006
2417 717 4007
318 97 4008
557 451 4009
560 2103 4010
1156 281 4011
362 3800 4012
408 282 4013
615 2236 4014
665 103 4015
1924 319 4016
2797 273 4017
32 215 4018
85 110 4019
362 97 4020
688 336 4021
2313 587 4022
270 2119 4023
32 281 4024
279 616 4025
333 119 4026
597 101 4027
269 543 4028
305 101 4029
369 264 4030
428 56 4031
487 3512 4032
978 1271 4033
275 3543 4034
415 315 4035
595 570 4036
689 269 4037
2112 2112 4038
455 2352 4039
500 467 4040
537 555 4041
903 1867 4042
270 318 4043
286 276 4044
294 290 4045
333 278 4046
540 760 4047
880 316 4048
3262 295 4049
256 750 4050
362 274 4051
378 2911 4052
512 444 4053
781 290 4054
828 693 4055
867 1649 4056
1533 288 4057
331 3590 4058
428 54 4059
716 303 4060
744 101 4061
872 370 4062
1265 932 4063
3247 2575 4064
523 484 4065
115 269 4066
300 1024 4067
405 531 4068
428 55 4069
445 365 4070
497 3179 4071
2743 383 4072
275 824 4073
279 679 4074
442 3625 4075
659 484 4076
885 2390 4077
1928 635 4078
358 103 4079
1559 543 4080
3478 2071 4081
270 3768 4082
291 1248 4083
689 101 4084
3555 591 4085
291 630 4086
465 121 4087
916 281 4088
1948 555 4089
264 259 4090
277 3471 4091
739 902 4092
2137 317 4093
388 488 4094
421 1360 4095
67 84 4096
299 449 4097
382 112 4098
438 3707 4099
73 84 4100
100 111 4101
401 121 4102
954 281 4103
389 269 4104
751 3028 4105
101 118 4106
103 360 4107
323 312 4108
1668 670 4109
1708 1355 4110
2609 469 4111
2918 2726 4112
751 3647 4113
1278 282 4114
2024 282 4115
109 267 4116
286 321 4117
344 881 4118
752 556 4119
2379 3724 4120
3741 1013 4121
3755 418 4122
105 294 4123
2525 1128 4124
3376 1420 4125
105 534 4126
317 721 4127
804 56 4128
1150 290 4129
50 56 4130
489 269 4131
608 276 4132
1253 2187 4133
208 176 4134
328 850 4135
358 3637 4136
2135 308 4137
50 55 4138
265 1301 4139
688 315 4140
804 57 4141
1843 3454 4142
112 433 4143
279 578 4144
368 1578 4145
463 485 4146
762 396 4147
880 2437 4148
1590 2404 4149
65 674 4150
331 2073 4151
438 325 4152
1218 317 4153
117 524 4154
277 460 4155
293 121 4156
369 763 4157
414 2408 4158
825 779 4159
1316 115 4160
318 281 4161
972 2754 4162
2386 367 4163
260 119 4164
338 274 4165
714 115 4166
1141 118 4167
2160 105 4168
2779 626 4169
647 2408 4170
2387 121 4171
351 120 4172
307 315 4173
748 447 4174
836 1013 4175
1119 587 4176
98 108 4177
804 52 4178
926 312 4179
1225 116 4180
2100 961 4181
2131 1405 4182
208 181 4183
286 263 4184
291 267 4185
441 617 4186
1771 1567 4187
1840 115 4188
1992 288 4189
67 79 4190
322 843 4191
415 114 4192
1044 2630 4193
1349 271 4194
1535 853 4195
263 367 4196
338 383 4197
435 263 4198
2867 308 4199
3789 1251 4200
80 65 4201
333 121 4202
394 288 4203
422 117 4204
1324 120 4205
117 549 4206
296 368 4207
302 294 4208
306 726 4209
328 321 4210
497 2529 4211
915 444 4212
1831 534 4213
2690 121 4214
3214 599 4215
260 269 4216
333 315 4217
361 336 4218
557 2311 4219
1666 1888 4220
2680 530 4221
51 51 4222
260 317 4223
275 979 4224
333 1138 4225
1100 261 4226
1246 3774 4227
1443 1050 4228
1961 577 4229
286 318 4230
289 788 4231
358 116 4232
374 2840 4233
483 335 4234
2436 281 4235
2621 370 4236
362 526 4237
439 513 4238
97 384 4239
107 267 4240
553 3200 4241
1478 469 4242
2178 1579 4243
2883 3672 4244
296 2878 4245
589 281 4246
1035 115 4247
1293 364 4248
1554 986 4249
263 111 4250
1942 1312 4251
501 308 4252
786 393 4253
804 55 4254
947 121 4255
1134 3286 4256
2251 2926 4257
417 3830 4258
1392 308 4259
2188 115 4260
3310 528 4261
277 3317 4262
367 915 4263
514 357 4264
906 966 4265
996 4263 4266
1114 360 4267
1756 2827 4268
1947 281 4269
261 276 4270
268 455 4271
283 3502 4272
301 273 4273
306 565 4274
374 715 4275
816 3671 4276
995 102 4277
1470 509 4278
2457 3812 4279
1756 554 4280
2160 418 4281
424 401 4282
521 824 4283
313 2645 4284
493 318 4285
1276 3978 4286
1288 281 4287
1455 564 4288
2969 274 4289
116 430 4290
292 118 4291
342 717 4292
538 479 4293
1467 505 4294
296 501 4295
313 1185 4296
2548 509 4297
424 344 4298
972 3232 4299
2453 1197 4300
2917 726 4301
263 517 4302
313 1198 4303
704 319 4304
2136 1032 4305
3507 1624 4306
65 76 4307
99 702 4308
256 316 4309
500 3215 4310
2047 115 4311
2271 370 4312
2579 528 4313
385 111 4314
527 44 4315
836 108 4316
1980 393 4317
406 116 4318
539 281 4319
288 508 4320
317 536 4321
463 2465 4322
1019 1586 4323
1161 281 4324
1192 2419 4325
2336 290 4326
2670 722 4327
3282 430 4328
1227 1176 4329
2651 552 4330
3206 1557 4331
291 282 4332
427 1215 4333
659 2951 4334
1385 1785 4335
52 52 4336
67 82 4337
267 2963 4338
296 315 4339
688 276 4340
1485 281 4341
3495 116 4342
83 104 4343
339 727 4344
443 3771 4345
593 281 4346
659 327 4347
274 363 4348
324 281 4349
405 4125 4350
800 499 4351
804 53 4352
362 583 4353
765 1586 4354
1300 281 4355
548 264 4356
605 107 4357
1183 281 4358
2066 375 4359
2865 534 4360
266 3135 4361
286 1516 4362
331 285 4363
333 1263 4364
364 290 4365
408 281 4366
1324 474 4367
1386 1909 4368
2613 2154 4369
397 97 4370
405 2652 4371
72 455 4372
389 415 4373
856 1572 4374
323 116 4375
827 276 4376
1730 308 4377
1948 734 4378
3683 3965 4379
291 4041 4380
2621 263 4381
2805 357 4382
369 276 4383
611 115 4384
1283 1667 4385
1554 1340 4386
98 105 4387
324 790 4388
421 339 4389
424 2119 4390
931 55 4391
2011 3424 4392
264 922 4393
331 391 4394
752 288 4395
65 773 4396
97 339 4397
261 288 4398
270 3461 4399
424 317 4400
880 767 4401
1696 357 4402
2900 1089 4403
72 69 4404
122 281 4405
338 1337 4406
581 263 4407
978 666 4408
2013 1543 4409
264 370 4410
268 1536 4411
279 282 4412
412 489 4413
438 274 4414
940 281 4415
1242 269 4416
2422 360 4417
105 394 4418
108 97 4419
378 471 4420
605 3935 4421
708 112 4422
1319 282 4423
1876 267 4424
2995 524 4425
3250 484 4426
98 276 4427
323 661 4428
342 295 4429
450 112 4430
1581 3292 4431
407 344 4432
921 380 4433
1264 110 4434
453 471 4435
1940 363 4436
2947 426 4437
266 419 4438
389 1144 4439
664 530 4440
851 312 4441
927 684 4442
931 48 4443
1229 259 4444
3149 1823 4445
4104 854 4446
296 302 4447
651 674 4448
2348 2093 4449
32 543 4450
104 602 4451
116 290 4452
783 3204 4453
3381 2886 4454
381 1424 4455
1656 2737 4456
32 2075 4457
256 393 4458
362 782 4459
983 2424 4460
1158 384 4461
32 1911 4462
51 57 4463
98 273 4464
525 384 4465
1228 489 4466
1393 282 4467
270 1965 4468
315 1050 4469
442 317 4470
1186 324 4471
1642 276 4472
99 258 4473
277 327 4474
1018 115 4475
1540 292 4476
1640 267 4477
3805 547 4478
641 282 4479
652 492 4480
829 2208 4481
1276 3270 4482
268 672 4483
389 377 4484
1281 121 4485
73 109 4486
259 121 4487
275 112 4488
441 320 4489
1388 721 4490
3301 360 4491
374 890 4492
502 115 4493
645 282 4494
99 894 4495
117 273 4496
398 121 4497
851 264 4498
1856 1280 4499
1999 535 4500
2646 363 4501
51 55 4502
68 111 4503
114 485 4504
328 336 4505
627 100 4506
286 371 4507
286 468 4508
405 962 4509
840 879 4510
980 312 4511
51 54 4512
288 469 4513
1315 3566 4514
2216 942 4515
275 339 4516
313 285 4517
412 813 4518
935 1753 4519
1291 282 4520
2290 263 4521
567 818 4522
889 276 4523
2421 290 4524
3361 2303 4525
67 108 4526
328 118 4527
1103 661 4528
1134 288 4529
1473 303 4530
1756 789 4531
3619 812 4532
65 114 4533
880 116 4534
1602 526 4535
256 451 4536
266 565 4537
268 391 4538
268 2171 4539
297 114 4540
412 105 4541
1019 1739 4542
105 4131 4543
443 1707 4544
816 2864 4545
856 2905 4546
1038 281 4547
275 2735 4548
296 515 4549
297 824 4550
443 380 4551
547 386 4552
2354 282 4553
3205 479 4554
304 2078 4555
407 315 4556
637 418 4557
995 703 4558
1851 101 4559
1026 370 4560
112 1644 4561
266 401 4562
279 945 4563
353 339 4564
1414 281 4565
1523 1511 4566
2895 98 4567
274 418 4568
483 98 4569
622 3195 4570
1192 534 4571
1267 48 4572
3953 312 4573
337 83 4574
3413 282 4575
3490 316 4576
80 104 4577
982 288 4578
1111 269 4579
1478 272 4580
97 382 4581
286 1772 4582
1100 675 4583
1765 290 4584
521 316 4585
660 107 4586
291 812 4587
868 517 4588
1094 655 4589
1173 430 4590
1781 115 4591
275 292 4592
283 2211 4593
338 323 4594
1524 281 4595
2027 101 4596
4233 295 4597
80 83 4598
307 908 4599
374 2504 4600
521 2860 4601
2655 115 4602
270 259 4603
1073 4154 4604
1597 281 4605
2131 1957 4606
263 97 4607
271 112 4608
279 3725 4609
560 1453 4610
122 122 4611
498 78 4612
567 1017 4613
713 281 4614
1028 274 4615
1549 282 4616
73 73 4617
77 83 4618
607 924 4619
696 308 4620
51 49 4621
439 508 4622
571 2444 4623
3360 308 4624
275 605 4625
468 263 4626
588 2693 4627
1328 555 4628
2557 1903 4629
2739 460 4630
97 106 4631
1194 2512 4632
1323 276 4633
483 1083 4634
1196 520 4635
2721 474 4636
311 392 4637
316 591 4638
428 57 4639
441 1366 4640
590 410 4641
1853 392 4642
3129 469 4643
256 1926 4644
362 763 4645
2812 426 4646
2934 2390 4647
279 1285 4648
1470 312 4649
1875 308 4650
651 116 4651
104 376 4652
111 324 4653
277 2634 4654
813 391 4655
257 318 4656
277 2782 4657
286 288 4658
286 766 4659
407 3331 4660
1325 48 4661
1081 318 4662
333 431 4663
652 2970 4664
743 375 4665
814 2778 4666
1372 486 4667
2092 2570 4668
3666 360 4669
414 2631 4670
758 3882 4671
1046 308 4672
1169 281 4673
1599 278 4674
1623 282 4675
2544 295 4676
296 2037 4677
347 118 4678
1750 109 4679
2313 734 4680
2553 288 4681
108 327 4682
931 53 4683
1380 281 4684
2081 2938 4685
52 53 4686
67 261 4687
77 1032 4688
285 714 4689
423 1582 4690
1604 3902 4691
2940 3050 4692
3560 302 4693
304 288 4694
381 3027 4695
1594 308 4696
3916 318 4697
32 35 4698
114 393 4699
362 317 4700
385 294 4701
389 3638 4702
442 97 4703
567 102 4704
1162 263 4705
1411 979 4706
4476 363 4707
860 115 4708
1217 290 4709
2476 282 4710
2923 2692 4711
3388 676 4712
288 1588 4713
765 1280 4714
816 1538 4715
1947 282 4716
104 1370 4717
301 281 4718
320 119 4719
389 339 4720
574 4416 4721
2931 589 4722
100 819 4723
354 276 4724
385 114 4725
423 499 4726
596 267 4727
1041 2298 4728
1960 282 4729
79 83 4730
1079 437 4731
1090 623 4732
1472 582 4733
1517 301 4734
1852 830 4735
68 80 4736
266 390 4737
311 1130 4738
483 476 4739
591 269 4740
421 597 4741
1290 1050 4742
3329 121 4743
3511 116 4744
65 2572 4745
82 269 4746
1462 282 4747
1552 3408 4748
1640 591 4749
2612 1211 4750
105 105 4751
269 1174 4752
413 4212 4753
423 391 4754
1054 1602 4755
397 267 4756
730 578 4757
1378 449 4758
51 56 4759
347 335 4760
547 282 4761
935 430 4762
1789 282 4763
67 278 4764
114 509 4765
256 3946 4766
278 324 4767
379 285 4768
478 1579 4769
1190 48 4770
2288 1230 4771
2378 1570 4772
68 65 4773
286 390 4774
313 355 4775
412 261 4776
1762 383 4777
294 386 4778
333 597 4779
333 1934 4780
338 766 4781
427 2657 4782
735 554 4783
3173 273 4784
4009 2306 4785
49 477 4786
385 320 4787
461 370 4788
523 1562 4789
548 394 4790
805 295 4791
840 99 4792
1253 939 4793
1493 115 4794
73 71 4795
98 475 4796
295 104 4797
413 3377 4798
713 282 4799
1060 501 4800
259 367 4801
800 565 4802
1481 891 4803
2525 418 4804
3667 376 4805
103 276 4806
532 962 4807
1863 115 4808
2847 1255 4809
423 616 4810
274 343 4811
2560 308 4812
2715 105 4813
2932 2132 4814
3111 349 4815
3745 301 4816
121 100 4817
262 114 4818
1259 276 4819
1671 1123 4820
3263 281 4821
51 52 4822
97 492 4823
275 4543 4824
276 292 4825
286 1113 4826
407 1370 4827
424 813 4828
1664 360 4829
3474 2308 4830
304 1703 4831
489 107 4832
1243 625 4833
3784 509 4834
112 281 4835
117 281 4836
304 609 4837
388 643 4838
686 101 4839
1746 3972 4840
2610 282 4841
3759 367 4842
83 112 4843
1117 363 4844
1385 327 4845
4172 1128 4846
55 56 4847
948 276 4848
1382 460 4849
1684 269 4850
2365 112 4851
2848 863 4852
264 849 4853
619 604 4854
931 54 4855
2936 281 4856
275 1828 4857
291 295 4858
369 416 4859
927 2510 4860
1276 908 4861
1960 115 4862
57 48 4863
69 76 4864
304 1425 4865
322 288 4866
362 456 4867
374 3760 4868
1069 564 4869
1169 282 4870
1642 317 4871
2249 2358 4872
2403 116 4873
2895 809 4874
3203 2269 4875
291 798 4876
333 324 4877
412 401 4878
590 110 4879
1192 556 4880
34 44 4881
285 394 4882
413 365 4883
439 1255 4884
748 2298 4885
1787 281 4886
2983 295 4887
116 479 4888
121 97 4889
259 102 4890
266 416 4891
329 3448 4892
390 281 4893
412 1984 4894
413 697 4895
493 2431 4896
1165 655 4897
67 65 4898
119 343 4899
286 1089 4900
300 2712 4901
336 384 4902
342 115 4903
571 2529 4904
79 323 4905
328 3663 4906
379 474 4907
572 103 4908
910 444 4909
2417 1339 4910
2732 842 4911
4098 679 4912
279 403 4913
369 267 4914
1031 115 4915
1269 3347 4916
78 68 4917
296 451 4918
388 285 4919
1966 2773 4920
2452 4156 4921
224 165 4922
266 520 4923
271 843 4924
306 2246 4925
385 267 4926
427 3051 4927
1048 1209 4928
1706 457 4929
1735 282 4930
1963 400 4931
2326 116 4932
2984 832 4933
111 788 4934
342 1248 4935
515 276 4936
107 281 4937
110 288 4938
306 274 4939
3294 3244 4940
119 475 4941
336 1621 4942
385 344 4943
397 625 4944
593 269 4945
407 267 4946
844 102 4947
855 1865 4948
937 2227 4949
2123 115 4950
84 83 4951
279 2347 4952
2013 110 4953
98 419 4954
315 1120 4955
362 276 4956
362 3343 4957
412 344 4958
1117 4788 4959
2309 891 4960
293 666 4961
296 3750 4962
381 2107 4963
468 115 4964
488 370 4965
2800 392 4966
2996 3323 4967
4079 4811 4968
99 370 4969
103 320 4970
306 2741 4971
435 479 4972
1531 1759 4973
3932 1842 4974
264 111 4975
268 486 4976
277 1772 4977
286 416 4978
292 655 4979
306 641 4980
949 115 4981
1704 115 4982
2133 282 4983
114 886 4984
304 3110 4985
335 1132 4986
435 370 4987
1238 479 4988
1517 685 4989
1765 282 4990
2052 1057 4991
368 121 4992
937 295 4993
1027 4451 4994
2458 3057 4995
3055 343 4996
105 397 4997
115 271 4998
122 97 4999
277 281 5000
285 112 5001
315 613 5002
442 4090 5003
766 121 5004
947 370 5005
1014 4421 5006
1681 564 5007
1750 269 5008
1963 274 5009
2454 3632 5010
3207 115 5011
256 3556 5012
434 282 5013
574 2211 5014
771 4986 5015
827 581 5016
112 564 5017
114 294 5018
306 3595 5019
346 365 5020
442 826 5021
1118 555 5022
1781 282 5023
2312 281 5024
2566 408 5025
3312 847 5026
196 129 5027
275 431 5028
389 115 5029
540 97 5030
619 391 5031
676 319 5032
682 53 5033
1228 3804 5034
114 456 5035
323 98 5036
594 48 5037
1702 1124 5038
2254 1782 5039
2611 2074 5040
259 110 5041
298 274 5042
301 282 5043
338 2242 5044
3336 556 5045
3550 1050 5046
3592 535 5047
78 111 5048
84 806 5049
318 383 5050
413 118 5051
769 791 5052
1076 282 5053
2199 886 5054
4056 386 5055
294 678 5056
315 102 5057
379 449 5058
493 377 5059
559 3335 5060
1564 308 5061
4032 386 5062
77 459 5063
277 769 5064
293 103 5065
333 263 5066
508 101 5067
737 101 5068
2124 955 5069
2455 530 5070
2636 282 5071
3893 288 5072
331 312 5073
385 263 5074
397 99 5075
788 281 5076
988 115 5077
1498 115 5078
2086 964 5079
3003 449 5080
3182 849 5081
256 450 5082
434 556 5083
1854 115 5084
195 161 5085
260 112 5086
266 259 5087
266 604 5088
521 397 5089
1019 1638 5090
1681 394 5091
85 83 5092
299 2330 5093
344 460 5094
937 779 5095
1298 115 5096
2279 282 5097
2435 4348 5098
4274 327 5099
39 674 5100
121 116 5101
256 3436 5102
264 605 5103
412 371 5104
412 871 5105
629 121 5106
1459 115 5107
2568 308 5108
3367 360 5109
119 259 5110
814 3465 5111
1360 314 5112
1436 471 5113
385 788 5114
397 666 5115
1324 459 5116
413 584 5117
414 406 5118
780 281 5119
1385 431 5120
2535 1693 5121
2580 115 5122
443 506 5123
1056 115 5124
2427 394 5125
3137 635 5126
68 101 5127
270 273 5128
337 114 5129
347 904 5130
2498 1230 5131
2907 554 5132
3254 670 5133
78 325 5134
100 282 5135
109 526 5136
270 317 5137
270 537 5138
272 3969 5139
296 273 5140
317 370 5141
422 321 5142
1062 1084 5143
1278 312 5144
1321 634 5145
1591 107 5146
1771 572 5147
2291 4216 5148
3693 318 5149
385 680 5150
427 282 5151
1374 384 5152
2190 1079 5153
4720 1377 5154
54 53 5155
109 276 5156
304 1518 5157
318 340 5158
331 515 5159
331 578 5160
332 1499 5161
538 1377 5162
752 896 5163
2068 3298 5164
2533 308 5165
2720 4118 5166
3810 282 5167
4738 294 5168
112 282 5169
405 539 5170
1700 1823 5171
2095 318 5172
55 53 5173
73 3218 5174
266 475 5175
293 398 5176
369 802 5177
389 295 5178
414 3104 5179
1354 383 5180
2987 482 5181
110 344 5182
1253 3473 5183
1332 767 5184
1883 1869 5185
3841 393 5186
3973 1154 5187
82 79 5188
261 97 5189
271 271 5190
302 544 5191
423 2241 5192
493 109 5193
1012 655 5194
1561 1399 5195
2749 71 5196
4189 460 5197
279 292 5198
326 734 5199
423 260 5200
607 371 5201
956 392 5202
1008 281 5203
78 532 5204
279 278 5205
443 322 5206
974 377 5207
1146 282 5208
4411 1274 5209
66 67 5210
76 69 5211
270 392 5212
274 830 5213
652 924 5214
1374 316 5215
2091 528 5216
2145 367 5217
4904 3996 5218
52 56 5219
97 344 5220
103 108 5221
296 2027 5222
304 741 5223
362 2363 5224
797 534 5225
3093 479 5226
3692 621 5227
306 273 5228
487 2742 5229
559 1644 5230
1016 3869 5231
1151 2978 5232
2331 526 5233
2806 121 5234
2836 115 5235
3697 2920 5236
297 259 5237
51 50 5238
112 267 5239
321 282 5240
505 108 5241
629 2858 5242
952 3171 5243
1708 1123 5244
2081 1049 5245
3400 1438 5246
80 108 5247
321 324 5248
322 269 5249
930 556 5250
1025 317 5251
1374 5190 5252
2089 325 5253
2425 725 5254
52 57 5255
65 77 5256
71 267 5257
271 350 5258
277 3058 5259
362 2067 5260
452 282 5261
463 623 5262
483 321 5263
1531 4273 5264
1963 290 5265
2090 3506 5266
105 469 5267
347 3880 5268
483 402 5269
718 269 5270
1484 722 5271
1524 634 5272
2295 290 5273
68 70 5274
288 635 5275
359 302 5276
627 259 5277
957 426 5278
1999 375 5279
3342 281 5280
4368 312 5281
4442 383 5282
70 399 5283
270 344 5284
275 2416 5285
275 3915 5286
2084 4935 5287
2549 757 5288
2708 679 5289
2955 1236 5290
3867 274 5291
3881 371 5292
4024 722 5293
110 600 5294
330 3272 5295
1281 625 5296
1637 261 5297
2545 2220 5298
105 847 5299
259 394 5300
259 509 5301
364 274 5302
385 791 5303
389 486 5304
539 263 5305
588 121 5306
1169 370 5307
1824 528 5308
2470 392 5309
3447 1258 5310
4625 269 5311
77 391 5312
286 105 5313
320 793 5314
348 110 5315
1525 342 5316
1637 1516 5317
2644 1647 5318
32 195 5319
101 107 5320
118 278 5321
1337 734 5322
3736 501 5323
651 1646 5324
836 3184 5325
1719 274 5326
4012 111 5327
266 506 5328
385 323 5329
596 258 5330
815 1829 5331
825 2382 5332
1513 1360 5333
2812 754 5334
3824 98 5335
3917 785 5336
66 101 5337
263 785 5338
275 3366 5339
379 2055 5340
494 115 5341
2453 447 5342
2565 670 5343
3182 426 5344
286 273 5345
293 116 5346
349 111 5347
455 410 5348
1054 4912 5349
1087 281 5350
436 5194 5351
704 1551 5352
836 552 5353
1919 282 5354
82 1526 5355
338 68 5356
423 342 5357
713 764 5358
1246 2734 5359
1696 1213 5360
1981 406 5361
3384 1951 5362
4406 3368 5363
5215 1070 5364
209 130 5365
279 325 5366
305 499 5367
369 121 5368
735 114 5369
882 430 5370
897 278 5371
1018 263 5372
2490 3516 5373
2924 3493 5374
3993 263 5375
65 98 5376
116 320 5377
268 1965 5378
419 2071 5379
591 384 5380
1470 727 5381
1767 97 5382
2870 721 5383
108 370 5384
109 294 5385
114 727 5386
119 499 5387
293 318 5388
311 401 5389
525 663 5390
545 357 5391
817 2259 5392
937 1579 5393
1323 376 5394
2532 115 5395
57 53 5396
101 121 5397
102 613 5398
114 384 5399
259 727 5400
260 298 5401
293 99 5402
357 375 5403
385 340 5404
414 2245 5405
421 849 5406
493 301 5407
557 117 5408
887 3483 5409
1048 2059 5410
1160 449 5411
1495 290 5412
2072 290 5413
2221 3905 5414
4317 305 5415
102 1387 5416
118 271 5417
468 111 5418
688 743 5419
1048 278 5420
39 303 5421
101 276 5422
461 386 5423
592 264 5424
1330 4006 5425
259 454 5426
275 763 5427
435 97 5428
957 1557 5429
1711 529 5430
3807 276 5431
4422 625 5432
85 115 5433
105 106 5434
277 2425 5435
319 1912 5436
522 105 5437
553 1510 5438
926 367 5439
1074 282 5440
1186 2824 5441
2604 281 5442
2847 482 5443
2927 371 5444
3457 264 5445
4385 1736 5446
109 112 5447
393 110 5448
412 757 5449
741 743 5450
762 1306 5451
2551 115 5452
107 259 5453
256 431 5454
362 551 5455
423 2528 5456
978 272 5457
991 115 5458
1297 479 5459
266 1676 5460
277 3324 5461
291 418 5462
345 1607 5463
382 535 5464
931 52 5465
1295 308 5466
1596 282 5467
2931 115 5468
3137 517 5469
67 67 5470
274 714 5471
437 599 5472
698 437 5473
1674 3142 5474
2454 650 5475
3775 115 5476
4258 1512 5477
4851 537 5478
291 435 5479
328 1310 5480
395 122 5481
443 295 5482
523 263 5483
1292 1185 5484
1861 1075 5485
1895 1274 5486
2947 784 5487
291 293 5488
306 509 5489
369 779 5490
704 119 5491
2120 1001 5492
32 206 5493
99 2526 5494
275 301 5495
1143 104 5496
2797 818 5497
378 360 5498
421 616 5499
673 308 5500
1592 386 5501
1999 121 5502
300 259 5503
483 120 5504
2272 281 5505
4021 3925 5506
291 2459 5507
333 393 5508
480 263 5509
1225 4066 5510
300 3063 5511
1458 599 5512
2231 4955 5513
78 83 5514
121 110 5515
331 5191 5516
333 276 5517
362 377 5518
438 2430 5519
523 101 5520
560 102 5521
844 1451 5522
926 469 5523
1184 282 5524
1210 392 5525
1400 118 5526
2846 271 5527
82 73 5528
265 3673 5529
266 278 5530
297 274 5531
331 1896 5532
419 263 5533
846 433 5534
1390 1769 5535
1490 121 5536
1811 281 5537
2608 344 5538
73 272 5539
102 452 5540
275 117 5541
367 335 5542
424 4873 5543
523 609 5544
978 118 5545
1188 2631 5546
1328 298 5547
2927 865 5548
32 59 5549
291 117 5550
362 390 5551
443 1889 5552
933 263 5553
2427 534 5554
2521 116 5555
3884 324 5556
256 620 5557
277 4709 5558
311 3958 5559
390 637 5560
443 108 5561
525 4208 5562
748 339 5563
1081 303 5564
1158 281 5565
1334 400 5566
1740 65 5567
99 315 5568
114 602 5569
116 97 5570
273 602 5571
326 116 5572
442 551 5573
671 115 5574
744 5464 5575
1157 335 5576
1290 1172 5577
1436 112 5578
259 295 5579
371 278 5580
442 968 5581
468 370 5582
1501 526 5583
2662 635 5584
4913 900 5585
260 282 5586
268 1413 5587
305 2073 5588
328 83 5589
500 108 5590
627 393 5591
692 602 5592
995 118 5593
1053 964 5594
1726 481 5595
273 278 5596
273 479 5597
289 1912 5598
306 2270 5599
321 263 5600
786 2420 5601
947 263 5602
3563 4564 5603
121 690 5604
291 2073 5605
424 456 5606
560 116 5607
856 2858 5608
1007 99 5609
3108 282 5610
3548 1255 5611
4400 5046 5612
102 617 5613
273 726 5614
331 1557 5615
338 492 5616
448 1629 5617
538 2281 5618
765 2227 5619
1523 444 5620
69 110 5621
117 610 5622
275 276 5623
288 282 5624
413 85 5625
488 115 5626
498 112 5627
704 272 5628
1590 4596 5629
108 111 5630
302 471 5631
376 339 5632
431 107 5633
669 2252 5634
1415 447 5635
1837 661 5636
2334 509 5637
4206 281 5638
104 105 5639
112 260 5640
497 401 5641
2090 406 5642
3509 111 5643
4781 2442 5644
55 54 5645
385 67 5646
3864 530 5647
5628 302 5648
65 68 5649
98 281 5650
116 109 5651
281 308 5652
333 5450 5653
393 572 5654
983 4557 5655
1462 115 5656
2120 989 5657
2781 370 5658
119 806 5659
294 112 5660
592 419 5661
2072 447 5662
279 322 5663
328 68 5664
393 115 5665
459 263 5666
505 1759 5667
704 757 5668
991 1049 5669
1091 1340 5670
1448 2173 5671
2720 534 5672
2890 581 5673
2932 832 5674
2941 460 5675
4946 536 5676
316 276 5677
787 281 5678
996 281 5679
1915 115 5680
2322 1959 5681
2654 281 5682
3266 1425 5683
3462 308 5684
412 4028 5685
441 499 5686
57 57 5687
270 2652 5688
277 2512 5689
322 97 5690
353 375 5691
362 349 5692
438 565 5693
1009 536 5694
2368 472 5695
3772 282 5696
385 260 5697
608 285 5698
665 269 5699
2044 370 5700
331 1115 5701
344 697 5702
362 564 5703
387 46 5704
436 524 5705
576 109 5706
1028 281 5707
1046 5225 5708
1121 1869 5709
1192 415 5710
1655 370 5711
1840 534 5712
273 122 5713
276 97 5714
277 353 5715
311 323 5716
349 635 5717
704 301 5718
800 2722 5719
1398 4528 5720
3853 447 5721
119 263 5722
355 281 5723
393 269 5724
521 1280 5725
1361 3711 5726
1426 661 5727
2818 393 5728
3273 115 5729
3521 317 5730
257 396 5731
365 264 5732
563 801 5733
750 101 5734
876 1174 5735
1688 370 5736
1761 344 5737
3401 451 5738
4474 784 5739
76 494 5740
117 398 5741
294 109 5742
299 486 5743
306 4689 5744
541 3313 5745
800 264 5746
1228 570 5747
1424 489 5748
1592 269 5749
1688 263 5750
2232 308 5751
108 520 5752
313 812 5753
322 282 5754
493 2712 5755
946 312 5756
1023 54 5757
1121 364 5758
1210 308 5759
1767 2872 5760
2004 115 5761
2159 1063 5762
3314 717 5763
3322 104 5764
4446 115 5765
99 392 5766
119 392 5767
276 635 5768
487 114 5769
912 4942 5770
1003 509 5771
1444 4428 5772
4186 107 5773
275 5379 5774
277 475 5775
331 824 5776
439 1926 5777
1055 110 5778
3668 1526 5779
393 259 5780
397 109 5781
414 433 5782
468 1304 5783
811 1827 5784
827 476 5785
1011 690 5786
2612 3171 5787
5064 301 5788
256 293 5789
256 1867 5790
321 386 5791
441 317 5792
828 2059 5793
1015 365 5794
1150 791 5795
2013 2028 5796
2979 456 5797
4805 554 5798
53 53 5799
67 68 5800
112 269 5801
279 419 5802
2516 865 5803
2516 2880 5804
3554 363 5805
4810 312 5806
100 102 5807
108 285 5808
117 104 5809
338 482 5810
374 4388 5811
435 506 5812
1179 720 5813
1640 2596 5814
2545 386 5815
3191 4807 5816
70 84 5817
97 323 5818
100 3269 5819
285 1057 5820
291 3600 5821
294 263 5822
362 114 5823
376 605 5824
488 263 5825
851 276 5826
972 3733 5827
1374 568 5828
1590 4888 5829
2084 281 5830
2296 357 5831
5309 2140 5832
52 54 5833
99 1201 5834
288 702 5835
443 416 5836
735 578 5837
856 2627 5838
1851 269 5839
2475 281 5840
2576 818 5841
2752 784 5842
270 4410 5843
294 426 5844
331 1143 5845
647 3104 5846
677 5631 5847
846 4934 5848
1019 365 5849
1881 115 5850
1980 4496 5851
2565 276 5852
52 55 5853
266 267 5854
279 1794 5855
292 510 5856
369 4397 5857
567 115 5858
740 1463 5859
2487 899 5860
110 4936 5861
265 100 5862
468 599 5863
485 290 5864
490 3264 5865
574 108 5866
1486 2238 5867
1508 655 5868
2231 3849 5869
2559 392 5870
2610 276 5871
4444 290 5872
107 891 5873
273 97 5874
314 121 5875
333 342 5876
362 301 5877
397 276 5878
876 1680 5879
3115 134 5880
3155 480 5881
63 527 5882
414 4756 5883
658 108 5884
677 1612 5885
1513 340 5886
72 79 5887
277 276 5888
442 284 5889
442 419 5890
511 371 5891
669 5367 5892
1130 112 5893
1245 357 5894
1365 524 5895
2649 282 5896
115 1031 5897
266 282 5898
333 264 5899
379 109 5900
429 2643 5901
533 5052 5902
709 1317 5903
800 449 5904
1729 464 5905
1783 430 5906
2228 881 5907
2648 661 5908
3430 406 5909
3655 530 5910
77 121 5911
279 1793 5912
288 529 5913
311 550 5914
393 965 5915
478 551 5916
523 403 5917
1513 105 5918
2598 430 5919
3049 1031 5920
5415 1553 5921
101 457 5922
266 824 5923
682 477 5924
1457 274 5925
2620 115 5926
4167 1647 5927
5128 869 5928
65 80 5929
258 464 5930
369 370 5931
385 317 5932
405 581 5933
559 1482 5934
1743 267 5935
1807 121 5936
3128 1770 5937
5519 65 5938
333 281 5939
333 284 5940
337 100 5941
407 810 5942
423 539 5943
442 603 5944
619 104 5945
709 3606 5946
1002 115 5947
1073 318 5948
1831 1156 5949
264 1049 5950
300 1215 5951
333 267 5952
381 5819 5953
571 1340 5954
1436 342 5955
2048 2315 5956
2777 764 5957
4048 535 5958
4332 4513 5959
208 184 5960
270 886 5961
522 274 5962
889 785 5963
1146 281 5964
1369 282 5965
3417 528 5966
98 985 5967
362 401 5968
651 690 5969
762 2759 5970
827 368 5971
1134 2880 5972
2369 3307 5973
3400 2424 5974
4758 308 5975
5456 4008 5976
119 281 5977
338 121 5978
353 515 5979
441 4430 5980
682 49 5981
1004 3613 5982
1883 269 5983
286 549 5984
358 543 5985
369 5560 5986
442 520 5987
1161 115 5988
4061 469 5989
4361 1143 5990
71 111 5991
117 1068 5992
283 350 5993
283 2504 5994
304 3821 5995
321 2882 5996
331 401 5997
339 115 5998
412 317 5999
511 3604 6000
521 484 6001
1053 121 6002
1091 4035 6003
1434 48 6004
3367 655 6005
3401 602 6006
268 799 6007
291 321 6008
336 312 6009
369 459 6010
736 556 6011
748 371 6012
836 461 6013
931 51 6014
1127 292 6015
1545 282 6016
1701 1170 6017
1750 357 6018
2052 1923 6019
2290 370 6020
2837 2110 6021
3002 1084 6022
84 101 6023
108 486 6024
266 398 6025
275 1222 6026
315 303 6027
338 342 6028
816 102 6029
828 1511 6030
1121 3895 6031
1596 267 6032
2617 431 6033
3117 282 6034
277 292 6035
590 5139 6036
867 371 6037
3447 317 6038
100 269 6039
227 129 6040
277 308 6041
327 482 6042
328 112 6043
358 357 6044
487 2973 6045
676 793 6046
1992 430 6047
2322 508 6048
2537 312 6049
3350 2664 6050
3617 554 6051
286 1705 6052
296 384 6053
433 259 6054
762 5436 6055
1330 305 6056
2746 295 6057
56 54 6058
68 754 6059
267 97 6060
277 377 6061
421 318 6062
866 294 6063
925 556 6064
1103 276 6065
1194 1617 6066
2521 367 6067
3076 357 6068
268 1217 6069
279 2793 6070
369 77 6071
664 115 6072
911 471 6073
1677 115 6074
1728 108 6075
67 894 6076
256 276 6077
292 103 6078
407 342 6079
576 2824 6080
627 818 6081
6068 315 6082
260 908 6083
277 263 6084
331 469 6085
362 894 6086
423 461 6087
560 109 6088
637 509 6089
748 1197 6090
927 342 6091
1162 2592 6092
2128 397 6093
3265 1995 6094
3551 634 6095
32 41 6096
46 124 6097
82 101 6098
116 776 6099
380 115 6100
423 101 6101
728 1130 6102
1687 2592 6103
1762 672 6104
2224 1903 6105
3878 426 6106
32 209 6107
311 274 6108
483 70 6109
567 2370 6110
598 101 6111
752 1230 6112
814 1214 6113
1334 784 6114
2845 115 6115
3826 115 6116
3995 1057 6117
56 53 6118
105 368 6119
277 779 6120
311 263 6121
331 979 6122
422 323 6123
442 4988 6124
2316 602 6125
3891 318 6126
103 295 6127
276 1631 6128
405 1154 6129
415 276 6130
493 110 6131
729 1951 6132
1006 2811 6133
1179 322 6134
1545 281 6135
2168 1050 6136
2607 1534 6137
53 477 6138
68 114 6139
266 449 6140
313 321 6141
333 893 6142
351 5766 6143
445 314 6144
1439 2764 6145
1554 2444 6146
1599 394 6147
2271 281 6148
2857 2142 6149
4192 1404 6150
66 108 6151
83 1138 6152
405 475 6153
423 617 6154
682 54 6155
689 4127 6156
709 312 6157
756 2717 6158
1169 263 6159
2351 282 6160
2451 2257 6161
2498 263 6162
2598 4938 6163
2789 433 6164
3870 4145 6165
32 2108 6166
55 49 6167
323 100 6168
337 80 6169
411 357 6170
412 1233 6171
462 479 6172
728 1502 6173
1206 4882 6174
1556 818 6175
1659 4972 6176
2961 793 6177
311 4404 6178
407 3921 6179
438 509 6180
614 5348 6181
729 261 6182
904 447 6183
1146 115 6184
1686 754 6185
2362 1174 6186
5632 526 6187
32 288 6188
304 1646 6189
385 1285 6190
652 4308 6191
2915 281 6192
5506 517 6193
80 101 6194
119 582 6195
269 357 6196
273 2026 6197
291 484 6198
315 1172 6199
362 111 6200
435 278 6201
905 363 6202
1418 3223 6203
2111 269 6204
2120 552 6205
2548 469 6206
57 54 6207
84 77 6208
268 433 6209
277 2431 6210
567 5112 6211
592 101 6212
688 271 6213
828 763 6214
1283 115 6215
2224 524 6216
2301 878 6217
2813 282 6218
76 65 6219
362 83 6220
2540 670 6221
2816 308 6222
5130 1197 6223
115 893 6224
208 189 6225
286 2202 6226
1590 3603 6227
1639 276 6228
2072 386 6229
2412 1032 6230
112 278 6231
256 3698 6232
270 826 6233
337 6083 6234
369 368 6235
502 1296 6236
553 319 6237
800 111 6238
926 509 6239
2806 542 6240
67 73 6241
103 485 6242
256 675 6243
288 865 6244
306 737 6245
1436 457 6246
1601 105 6247
1640 121 6248
2007 2176 6249
2380 315 6250
3788 943 6251
3885 3072 6252
330 1387 6253
814 838 6254
848 53 6255
1637 273 6256
1881 281 6257
1919 281 6258
3955 103 6259
103 655 6260
122 121 6261
194 183 6262
275 1177 6263
313 431 6264
313 452 6265
373 1716 6266
439 3068 6267
492 115 6268
688 892 6269
1188 293 6270
1393 479 6271
3285 281 6272
3456 690 6273
103 430 6274
311 568 6275
322 111 6276
362 2202 6277
384 1257 6278
414 2528 6279
1816 403 6280
3359 343 6281
266 355 6282
277 5824 6283
291 1180 6284
362 468 6285
567 1364 6286
615 2467 6287
867 675 6288
2800 357 6289
3149 367 6290
4424 734 6291
4567 116 6292
83 101 6293
257 120 6294
388 513 6295
412 285 6296
487 482 6297
620 115 6298
677 393 6299
903 115 6300
931 49 6301
1636 97 6302
2199 367 6303
3205 979 6304
4733 573 6305
112 264 6306
270 589 6307
305 261 6308
843 271 6309
851 3372 6310
1141 1451 6311
2870 288 6312
4285 2306 6313
4754 305 6314
56 56 6315
122 267 6316
286 455 6317
289 109 6318
413 833 6319
627 1289 6320
719 1424 6321
793 1158 6322
102 767 6323
110 121 6324
119 111 6325
321 267 6326
337 78 6327
387 44 6328
414 824 6329
740 587 6330
3753 367 6331
4194 108 6332
85 82 6333
107 317 6334
298 288 6335
500 843 6336
2918 394 6337
3102 335 6338
3998 292 6339
5785 1263 6340
65 65 6341
73 77 6342
118 3134 6343
262 1474 6344
273 2269 6345
345 1678 6346
385 376 6347
439 2055 6348
468 812 6349
650 281 6350
778 757 6351
1019 2434 6352
1470 367 6353
4052 524 6354
5089 263 6355
55 55 6356
109 269 6357
313 1043 6358
525 609 6359
872 515 6360
1525 5783 6361
1813 721 6362
2097 2349 6363
259 555 6364
264 276 6365
286 3343 6366
415 5314 6367
439 368 6368
443 1739 6369
478 5702 6370
572 116 6371
593 282 6372
596 2526 6373
750 282 6374
2677 1399 6375
3340 3257 6376
70 78 6377
79 84 6378
263 726 6379
381 99 6380
405 549 6381
448 1126 6382
677 879 6383
67 77 6384
79 464 6385
256 4487 6386
257 102 6387
270 1198 6388
279 1067 6389
1188 1125 6390
1675 970 6391
3472 114 6392
5544 666 6393
275 426 6394
424 349 6395
368 288 6396
413 1357 6397
414 3081 6398
483 104 6399
513 104 6400
585 301 6401
974 121 6402
1315 1213 6403
1729 4240 6404
65 5371 6405
107 97 6406
108 2210 6407
119 3333 6408
122 282 6409
268 109 6410
286 760 6411
390 258 6412
493 273 6413
771 401 6414
872 2878 6415
905 552 6416
1403 534 6417
2348 416 6418
3254 110 6419
3572 1621 6420
274 357 6421
327 1144 6422
331 1296 6423
365 1884 6424
502 2115 6425
827 684 6426
840 535 6427
73 410 6428
105 104 6429
120 767 6430
273 573 6431
320 555 6432
424 2615 6433
442 259 6434
619 267 6435
739 335 6436
762 1120 6437
950 281 6438
963 261 6439
1540 2933 6440
1656 1223 6441
1674 316 6442
99 675 6443
102 589 6444
110 380 6445
304 375 6446
306 1598 6447
309 285 6448
349 281 6449
414 6082 6450
441 820 6451
567 4002 6452
596 391 6453
1026 263 6454
1054 261 6455
3842 115 6456
56 57 6457
79 335 6458
97 403 6459
300 890 6460
338 260 6461
507 3082 6462
972 2238 6463
1540 274 6464
1573 791 6465
2036 578 6466
3850 370 6467
55 57 6468
277 117 6469
279 1057 6470
300 98 6471
344 364 6472
443 1841 6473
677 6177 6474
846 3421 6475
3236 281 6476
3336 955 6477
3675 360 6478
73 80 6479
109 899 6480
259 317 6481
264 2319 6482
347 1215 6483
837 460 6484
1057 120 6485
1435 4944 6486
1561 847 6487
2502 790 6488
4739 556 6489
52 50 6490
275 384 6491
317 116 6492
322 258 6493
770 98 6494
1219 685 6495
2203 526 6496
2537 282 6497
4690 3646 6498
5789 2543 6499
5888 314 6500
66 83 6501
297 121 6502
336 961 6503
337 3120 6504
596 2432 6505
770 1529 6506
1531 745 6507
4331 312 6508
6033 2675 6509
99 285 6510
107 269 6511
261 282 6512
274 97 6513
295 282 6514
371 430 6515
592 542 6516
1076 269 6517
2145 632 6518
2651 625 6519
3098 115 6520
3907 375 6521
4295 269 6522
5918 584 6523
103 261 6524
286 419 6525
300 703 6526
338 292 6527
412 400 6528
429 1934 6529
692 451 6530
1111 430 6531
1160 634 6532
1398 100 6533
2109 308 6534
2344 308 6535
2497 73 6536
3472 1236 6537
4780 1973 6538
83 1263 6539
104 419 6540
119 285 6541
258 486 6542
362 105 6543
373 5922 6544
765 5864 6545
1297 2102 6546
2138 48 6547
2838 281 6548
3519 115 6549
3690 832 6550
89 451 6551
256 824 6552
266 759 6553
349 100 6554
426 569 6555
567 524 6556
708 537 6557
946 282 6558
1039 305 6559
1331 1166 6560
1358 721 6561
1398 2702 6562
1434 54 6563
1479 849 6564
5419 2154 6565
5449 554 6566
259 105 6567
321 350 6568
322 3226 6569
453 457 6570
513 282 6571
825 506 6572
841 101 6573
968 97 6574
2427 1553 6575
2708 1878 6576
2781 263 6577
3582 259 6578
79 102 6579
103 117 6580
266 2444 6581
275 282 6582
292 767 6583
322 276 6584
328 1427 6585
369 597 6586
436 376 6587
439 321 6588
540 6430 6589
565 97 6590
596 278 6591
665 295 6592
710 317 6593
1857 370 6594
2021 363 6595
2373 1236 6596
3280 312 6597
3612 312 6598
4849 1230 6599
5293 1397 6600
279 4407 6601
333 108 6602
407 467 6603
521 597 6604
1378 1897 6605
1434 57 6606
1483 116 6607
2203 1983 6608
2784 552 6609
2934 263 6610
286 3324 6611
288 509 6612
293 684 6613
379 293 6614
379 727 6615
405 499 6616
406 281 6617
475 282 6618
567 1262 6619
651 1678 6620
933 370 6621
2614 274 6622
102 399 6623
313 578 6624
438 902 6625
494 5834 6626
627 1123 6627
1102 281 6628
1281 111 6629
2446 48 6630
2713 396 6631
2855 1572 6632
6407 295 6633
37 46 6634
83 99 6635
103 741 6636
256 1285 6637
259 263 6638
290 101 6639
293 1308 6640
310 152 6641
328 2634 6642
345 303 6643
748 1066 6644
782 1919 6645
836 102 6646
982 460 6647
1227 678 6648
1243 1067 6649
1349 115 6650
1796 2281 6651
4272 115 6652
69 80 6653
97 273 6654
257 3352 6655
262 391 6656
413 99 6657
494 281 6658
611 3325 6659
1040 319 6660
1148 4045 6661
2385 386 6662
3265 725 6663
32 42 6664
32 60 6665
32 318 6666
70 2782 6667
71 317 6668
114 894 6669
258 722 6670
268 714 6671
359 5542 6672
362 1270 6673
385 577 6674
412 819 6675
423 537 6676
442 371 6677
463 3791 6678
487 459 6679
735 5115 6680
921 986 6681
1372 4000 6682
1816 542 6683
2502 1425 6684
69 71 6685
79 76 6686
114 787 6687
300 308 6688
324 406 6689
331 524 6690
560 118 6691
667 1972 6692
1859 2773 6693
2177 1543 6694
2428 360 6695
2983 528 6696
3018 1294 6697
3322 1989 6698
3729 444 6699
79 1083 6700
283 1377 6701
407 121 6702
421 1578 6703
424 737 6704
483 5239 6705
846 4886 6706
858 1923 6707
1016 2615 6708
1699 1185 6709
2131 295 6710
2819 426 6711
32 62 6712
105 2717 6713
195 188 6714
257 263 6715
317 350 6716
322 1420 6717
463 367 6718
576 662 6719
665 4338 6720
698 1285 6721
701 115 6722
940 282 6723
1025 108 6724
1231 2187 6725
1341 115 6726
1375 263 6727
1434 56 6728
4576 115 6729
54 54 6730
72 68 6731
111 302 6732
304 1360 6733
369 2094 6734
771 4321 6735
861 477 6736
2010 281 6737
2195 282 6738
4815 4102 6739
6645 105 6740
299 402 6741
354 6242 6742
407 452 6743
438 726 6744
513 274 6745
1691 312 6746
1695 989 6747
1752 479 6748
2448 1132 6749
3389 77 6750
3545 509 6751
4050 269 6752
4901 524 6753
79 114 6754
117 965 6755
274 276 6756
328 504 6757
339 384 6758
419 97 6759
927 5595 6760
1341 281 6761
1455 259 6762
1802 1214 6763
2846 475 6764
3155 314 6765
3498 344 6766
3542 281 6767
3670 573 6768
76 317 6769
104 5651 6770
256 449 6771
286 556 6772
311 551 6773
316 112 6774
336 1567 6775
341 104 6776
412 4833 6777
415 99 6778
436 1903 6779
475 97 6780
888 4248 6781
1561 302 6782
1578 100 6783
2220 295 6784
3189 2567 6785
4369 288 6786
4373 6187 6787
104 2482 6788
277 1113 6789
284 961 6790
331 5604 6791
369 798 6792
413 700 6793
490 3371 6794
575 292 6795
963 355 6796
1547 1224 6797
1767 5569 6798
2336 447 6799
2677 847 6800
2696 308 6801
3904 312 6802
6485 318 6803
261 517 6804
275 320 6805
286 109 6806
412 278 6807
496 281 6808
595 488 6809
611 5768 6810
709 3081 6811
817 115 6812
1025 674 6813
1134 989 6814
1708 264 6815
2791 383 6816
53 57 6817
117 271 6818
258 1189 6819
270 1714 6820
351 365 6821
353 392 6822
369 2705 6823
560 2161 6824
565 4902 6825
629 508 6826
827 2125 6827
1016 799 6828
1797 870 6829
1974 308 6830
2139 509 6831
2153 5321 6832
2607 4752 6833
2611 1280 6834
2857 2409 6835
3532 281 6836
3563 121 6837
3885 767 6838
79 77 6839
98 320 6840
258 410 6841
331 2238 6842
374 924 6843
517 104 6844
592 4223 6845
1156 843 6846
1337 357 6847
1623 269 6848
1802 308 6849
2084 115 6850
2091 2308 6851
2516 430 6852
3961 986 6853
4978 1024 6854
6029 1841 6855
52 49 6856
105 1296 6857
286 295 6858
301 312 6859
327 263 6860
413 112 6861
424 4848 6862
442 2556 6863
815 4682 6864
1118 587 6865
2343 115 6866
3488 4191 6867
3936 281 6868
76 67 6869
104 368 6870
260 396 6871
338 1615 6872
385 293 6873
521 5076 6874
665 5586 6875
744 1175 6876
999 1204 6877
1323 785 6878
1529 460 6879
2974 281 6880
3193 282 6881
3375 1125 6882
4277 5302 6883
6380 3156 6884
98 321 6885
405 1512 6886
436 961 6887
487 1280 6888
511 641 6889
665 535 6890
844 3071 6891
1246 1050 6892
1635 878 6893
1831 1285 6894
5420 312 6895
53 50 6896
271 107 6897
305 367 6898
316 263 6899
349 115 6900
414 399 6901
478 1307 6902
497 2269 6903
518 907 6904
1315 324 6905
1412 115 6906
1798 360 6907
2617 3949 6908
2819 1769 6909
258 643 6910
276 100 6911
286 499 6912
291 685 6913
378 655 6914
394 97 6915
438 261 6916
480 109 6917
708 1985 6918
1028 5338 6919
1279 312 6920
1378 1198 6921
2024 281 6922
3723 1494 6923
4971 726 6924
112 317 6925
117 470 6926
268 1421 6927
294 1213 6928
438 4853 6929
448 305 6930
545 1420 6931
811 4979 6932
1019 397 6933
1028 1312 6934
1455 1077 6935
1821 308 6936
4921 282 6937
5607 1132 6938
114 318 6939
277 293 6940
288 481 6941
342 105 6942
412 2319 6943
424 620 6944
468 261 6945
576 767 6946
1543 6832 6947
1921 666 6948
2183 282 6949
2907 789 6950
3198 263 6951
4484 479 6952
6256 4839 6953
263 1363 6954
269 383 6955
277 945 6956
483 3673 6957
492 121 6958
521 285 6959
589 360 6960
811 1280 6961
1069 390 6962
1495 281 6963
2224 509 6964
3341 115 6965
69 584 6966
116 368 6967
266 3615 6968
270 1897 6969
319 108 6970
333 84 6971
336 116 6972
421 1017 6973
422 849 6974
448 5861 6975
567 384 6976
576 3657 6977
596 285 6978
931 50 6979
983 924 6980
1434 55 6981
1472 2872 6982
2975 3879 6983
3831 208 6984
4173 469 6985
4457 1736 6986
5889 271 6987
85 610 6988
115 258 6989
288 5418 6990
305 115 6991
328 3057 6992
513 314 6993
814 481 6994
1019 433 6995
1928 5385 6996
6053 4954 6997
97 111 6998
296 431 6999
339 259 7000
478 392 7001
574 2943 7002
836 112 7003
836 3010 7004
2036 4250 7005
2939 271 7006
4043 6649 7007
5228 3304 7008
67 72 7009
98 282 7010
117 97 7011
305 578 7012
468 939 7013
879 418 7014
983 371 7015
1096 263 7016
1787 267 7017
3641 308 7018
4275 386 7019
5154 524 7020
5438 295 7021
5463 290 7022
5812 308 7023
52 51 7024
108 117 7025
269 271 7026
278 281 7027
313 353 7028
313 2059 7029
331 5176 7030
336 1132 7031
415 312 7032
448 1759 7033
1179 4176 7034
2455 5322 7035
2616 115 7036
2791 393 7037
5394 315 7038
53 54 7039
67 83 7040
73 65 7041
114 100 7042
119 581 7043
256 273 7044
259 661 7045
323 1189 7046
331 1180 7047
483 1310 7048
571 380 7049
698 3851 7050
741 5254 7051
1071 103 7052
1105 282 7053
1849 263 7054
2822 269 7055
3148 281 7056
3210 259 7057
82 489 7058
109 6574 7059
110 111 7060
275 2483 7061
286 820 7062
315 285 7063
342 460 7064
412 5248 7065
444 447 7066
487 616 7067
952 370 7068
1532 1474 7069
1991 119 7070
2550 320 7071
2762 48 7072
5142 1075 7073
5292 426 7074
98 285 7075
105 526 7076
116 269 7077
256 508 7078
362 1199 7079
538 2102 7080
576 1828 7081
735 953 7082
736 3791 7083
1179 2116 7084
1614 390 7085
1755 386 7086
3427 360 7087
5865 367 7088
83 117 7089
265 118 7090
271 2480 7091
277 111 7092
315 1155 7093
381 115 7094
1244 717 7095
2219 102 7096
3592 295 7097
81 117 7098
104 325 7099
337 674 7100
368 269 7101
423 515 7102
435 122 7103
724 267 7104
798 430 7105
1099 119 7106
1525 4825 7107
1531 281 7108
1754 2270 7109
4459 6740 7110
4914 6947 7111
5838 1355 7112
32 3134 7113
104 1310 7114
110 317 7115
195 182 7116
275 327 7117
321 115 7118
328 80 7119
413 396 7120
415 97 7121
424 302 7122
484 406 7123
588 375 7124
800 468 7125
844 6183 7126
1398 118 7127
1473 1172 7128
3355 273 7129
48 51 7130
56 51 7131
69 77 7132
109 317 7133
256 4027 7134
274 501 7135
278 111 7136
309 634 7137
326 900 7138
362 492 7139
369 2735 7140
397 290 7141
455 110 7142
799 121 7143
833 426 7144
1178 1624 7145
1641 1962 7146
1811 282 7147
2117 5136 7148
2453 290 7149
2979 621 7150
4546 460 7151
4798 340 7152
5357 874 7153
256 452 7154
268 565 7155
271 1213 7156
328 82 7157
413 5056 7158
441 4736 7159
442 3821 7160
540 267 7161
815 305 7162
853 276 7163
972 5036 7164
1065 484 7165
1225 767 7166
1369 1258 7167
1744 4302 7168
2221 282 7169
4867 5220 7170
48 49 7171
67 115 7172
122 301 7173
259 383 7174
273 116 7175
283 4652 7176
313 486 7177
333 1177 7178
338 550 7179
365 261 7180
407 2921 7181
424 467 7182
525 673 7183
540 292 7184
1212 1077 7185
1297 2281 7186
5940 3323 7187
56 55 7188
103 370 7189
341 99 7190
342 891 7191
354 720 7192
369 278 7193
385 377 7194
389 390 7195
454 292 7196
2685 481 7197
4291 1464 7198
4580 115 7199
5223 282 7200
5392 295 7201
53 49 7202
100 2722 7203
261 3717 7204
270 616 7205
333 543 7206
378 6206 7207
384 281 7208
421 327 7209
437 1490 7210
453 4297 7211
666 578 7212
680 281 7213
980 119 7214
1139 263 7215
2804 3304 7216
2960 1084 7217
4610 312 7218
39 109 7219
326 365 7220
332 5442 7221
686 267 7222
701 281 7223
1054 110 7224
1297 1570 7225
1624 3001 7226
2941 101 7227
3259 281 7228
3296 112 7229
3361 419 7230
3552 276 7231
3763 312 7232
4194 3010 7233
70 711 7234
72 83 7235
98 1410 7236
114 264 7237
257 1035 7238
277 820 7239
277 3067 7240
285 110 7241
326 103 7242
328 4917 7243
362 267 7244
421 1285 7245
441 2347 7246
442 376 7247
497 6613 7248
688 263 7249
698 539 7250
1160 4767 7251
1948 319 7252
3363 344 7253
3670 1474 7254
4279 115 7255
268 5781 7256
356 401 7257
582 271 7258
677 6796 7259
898 110 7260
1467 6803 7261
2128 111 7262
2343 281 7263
3239 4393 7264
4514 721 7265
73 76 7266
209 128 7267
266 3067 7268
279 1250 7269
285 308 7270
362 263 7271
362 406 7272
825 3063 7273
889 282 7274
1675 5717 7275
1947 630 7276
2660 2426 7277
3211 1464 7278
4980 501 7279
5507 1143 7280
6269 274 7281
7111 517 7282
46 387 7283
269 1676 7284
276 105 7285
276 109 7286
313 513 7287
320 460 7288
413 272 7289
442 3220 7290
497 2754 7291
594 1877 7292
665 1957 7293
682 50 7294
694 449 7295
844 1766 7296
972 4930 7297
2048 1305 7298
2159 605 7299
2199 312 7300
3214 939 7301
4010 722 7302
4048 1248 7303
5591 97 7304
5641 4535 7305
99 5261 7306
104 565 7307
421 742 7308
2166 5103 7309
2708 1557 7310
2885 375 7311
3723 350 7312
4029 259 7313
5170 2506 7314
106 403 7315
285 365 7316
333 1921 7317
340 281 7318
407 1198 7319
422 943 7320
462 530 7321
511 301 7322
704 2593 7323
916 282 7324
2373 2409 7325
3687 661 7326
5002 281 7327
78 322 7328
101 700 7329
266 3186 7330
298 426 7331
306 1337 7332
330 101 7333
369 322 7334
386 722 7335
567 119 7336
828 539 7337
1099 1364 7338
1190 53 7339
1323 370 7340
2017 97 7341
2373 114 7342
4741 572 7343
5942 2353 7344
6322 368 7345
288 273 7346
288 725 7347
315 97 7348
320 118 7349
338 513 7350
498 116 7351
574 263 7352
638 529 7353
686 833 7354
1135 115 7355
1194 327 7356
1434 53 7357
1659 460 7358
3022 312 7359
3743 383 7360
6250 1608 7361
106 484 7362
275 508 7363
394 308 7364
439 5001 7365
487 397 7366
498 114 7367
500 722 7368
669 116 7369
935 1399 7370
1434 52 7371
1655 281 7372
1681 318 7373
2775 2619 7374
5187 261 7375
5606 474 7376
37 44 7377
97 1985 7378
256 461 7379
304 269 7380
502 5805 7381
505 1236 7382
574 3183 7383
1053 110 7384
1116 2863 7385
1667 1089 7386
1668 115 7387
2428 655 7388
2605 281 7389
2804 293 7390
3785 308 7391
56 52 7392
102 5171 7393
275 753 7394
306 578 7395
311 260 7396
311 1063 7397
389 322 7398
390 295 7399
423 570 7400
439 353 7401
445 536 7402
512 1301 7403
530 383 7404
1461 1001 7405
1501 115 7406
1531 282 7407
2143 1350 7408
3919 661 7409
7094 890 7410
99 97 7411
107 105 7412
256 321 7413
279 613 7414
286 103 7415
306 460 7416
376 301 7417
377 97 7418
424 1243 7419
437 6716 7420
710 494 7421
786 2404 7422
1620 48 7423
2530 4717 7424
2852 282 7425
3093 979 7426
3121 670 7427
3612 726 7428
4466 418 7429
65 260 7430
283 703 7431
321 312 7432
441 6917 7433
521 4191 7434
592 433 7435
1671 1394 7436
1755 934 7437
2145 469 7438
2826 2676 7439
2843 281 7440
3854 4607 7441
5129 589 7442
7385 482 7443
114 534 7444
116 288 7445
275 1175 7446
314 674 7447
338 1598 7448
463 384 7449
487 399 7450
522 314 7451
538 508 7452
837 1355 7453
1048 1842 7454
1114 655 7455
1242 281 7456
1659 529 7457
3121 98 7458
3697 108 7459
4063 282 7460
4458 274 7461
6134 908 7462
67 1612 7463
69 1215 7464
83 597 7465
279 3021 7466
285 529 7467
289 685 7468
452 115 7469
548 276 7470
858 4665 7471
1009 896 7472
1319 370 7473
2128 1533 7474
2364 397 7475
3056 1438 7476
3729 305 7477
275 72 7478
277 1832 7479
278 269 7480
285 517 7481
349 2827 7482
581 370 7483
630 303 7484
828 282 7485
1272 2026 7486
2638 282 7487
99 350 7488
115 267 7489
261 281 7490
345 115 7491
438 853 7492
771 1951 7493
1130 4292 7494
1689 4252 7495
1905 281 7496
2065 115 7497
2551 282 7498
3065 2480 7499
3522 1255 7500
32 510 7501
83 258 7502
114 430 7503
286 2046 7504
295 1075 7505
296 342 7506
306 609 7507
328 84 7508
385 6278 7509
521 6790 7510
525 617 7511
557 323 7512
651 3575 7513
848 477 7514
1048 3587 7515
1228 406 7516
1513 7335 7517
1657 273 7518
1822 524 7519
3129 632 7520
3216 292 7521
4340 2022 7522
6048 276 7523
7178 2175 7524
85 78 7525
101 267 7526
105 264 7527
109 264 7528
257 6424 7529
275 2973 7530
291 259 7531
309 269 7532
342 281 7533
412 267 7534
425 110 7535
438 741 7536
448 419 7537
450 115 7538
472 115 7539
868 635 7540
1009 1294 7541
1160 3001 7542
1175 121 7543
2013 670 7544
2646 1776 7545
3824 3449 7546
4506 1166 7547
5345 327 7548
5369 554 7549
6370 530 7550
67 111 7551
275 121 7552
276 401 7553
286 1909 7554
385 4655 7555
502 3629 7556
647 790 7557
648 1962 7558
1220 110 7559
1393 281 7560
1398 342 7561
1789 115 7562
2221 360 7563
2272 282 7564
4171 3020 7565
291 4108 7566
448 2480 7567
463 322 7568
644 263 7569
952 260 7570
1042 53 7571
1162 764 7572
1435 1280 7573
3582 1123 7574
3623 1595 7575
4632 282 7576
5430 258 7577
101 321 7578
110 1511 7579
277 282 7580
333 285 7581
349 1133 7582
436 4102 7583
442 505 7584
523 339 7585
982 101 7586
1023 57 7587
1048 111 7588
1200 6784 7589
1498 281 7590
1857 115 7591
2009 112 7592
2144 322 7593
2948 363 7594
103 528 7595
268 376 7596
333 107 7597
362 1143 7598
421 556 7599
423 1043 7600
502 4053 7601
567 5979 7602
805 1441 7603
816 303 7604
817 116 7605
1180 281 7606
1386 312 7607
2500 2208 7608
3609 360 7609
4968 109 7610
53 51 7611
69 65 7612
82 83 7613
256 597 7614
311 79 7615
385 593 7616
490 904 7617
676 101 7618
800 451 7619
982 1307 7620
1096 370 7621
1596 2355 7622
1689 501 7623
2043 98 7624
2810 288 7625
3002 4452 7626
3498 1235 7627
4238 269 7628
4813 7051 7629
101 4797 7630
121 276 7631
283 3264 7632
300 1035 7633
338 475 7634
389 1511 7635
412 79 7636
963 431 7637
1076 281 7638
1905 386 7639
2577 2158 7640
2703 115 7641
2894 115 7642
4514 430 7643
6469 1235 7644
80 263 7645
195 173 7646
267 1463 7647
291 5831 7648
331 1526 7649
585 4469 7650
751 444 7651
824 281 7652
905 2811 7653
1614 833 7654
1940 7013 7655
1947 269 7656
2369 281 7657
3480 281 7658
4289 625 7659
4748 367 7660
53 52 7661
55 51 7662
77 80 7663
270 460 7664
288 121 7665
349 121 7666
378 4297 7667
405 5930 7668
412 2075 7669
421 281 7670
471 394 7671
629 1572 7672
1149 383 7673
1152 1230 7674
1273 273 7675
2313 1463 7676
2488 2335 7677
2625 1363 7678
3192 1236 7679
3252 509 7680
3931 469 7681
5125 418 7682
6399 1057 7683
56 49 7684
266 4365 7685
373 2653 7686
431 99 7687
837 1123 7688
937 506 7689
1347 118 7690
1428 878 7691
3412 2480 7692
115 274 7693
118 315 7694
294 394 7695
316 109 7696
423 416 7697
436 4016 7698
486 115 7699
592 285 7700
658 3183 7701
714 281 7702
3191 101 7703
3913 276 7704
5405 344 7705
5504 3866 7706
6694 261 7707
80 260 7708
87 1512 7709
98 690 7710
333 4318 7711
379 2653 7712
439 322 7713
493 794 7714
719 308 7715
730 3107 7716
3011 602 7717
3160 360 7718
5082 809 7719
5316 5141 7720
48 57 7721
85 314 7722
275 259 7723
279 4166 7724
296 1609 7725
304 5822 7726
333 301 7727
384 269 7728
498 86 7729
627 298 7730
630 2161 7731
682 52 7732
1016 449 7733
1327 3288 7734
2960 360 7735
3859 308 7736
4135 344 7737
77 340 7738
105 509 7739
109 355 7740
267 364 7741
331 4223 7742
350 288 7743
438 3595 7744
441 114 7745
443 2164 7746
679 115 7747
704 99 7748
864 305 7749
867 117 7750
1200 661 7751
1324 301 7752
4787 7173 7753
5222 281 7754
7312 2683 7755
300 1880 7756
302 1404 7757
381 112 7758
412 5233 7759
443 763 7760
511 1647 7761
540 7198 7762
548 785 7763
557 2416 7764
588 1377 7765
605 767 7766
633 5659 7767
764 869 7768
1354 2042 7769
1378 97 7770
1440 1296 7771
1895 602 7772
1895 6197 7773
2491 308 7774
4737 114 7775
277 392 7776
294 2482 7777
311 524 7778
365 109 7779
405 1518 7780
414 342 7781
437 97 7782
511 318 7783
1160 6846 7784
1807 375 7785
2732 1057 7786
2852 447 7787
3492 281 7788
66 3024 7789
279 948 7790
296 5935 7791
299 554 7792
311 3226 7793
317 568 7794
423 1126 7795
489 364 7796
538 530 7797
688 6345 7798
995 715 7799
1268 281 7800
1484 1707 7801
1559 3976 7802
1659 1867 7803
1931 111 7804
2139 312 7805
2387 457 7806
3030 276 7807
4613 276 7808
5561 273 7809
115 109 7810
256 2993 7811
338 582 7812
374 4461 7813
413 305 7814
414 1553 7815
422 1819 7816
903 4198 7817
1028 1120 7818
1358 5275 7819
1365 3629 7820
1822 312 7821
2990 1453 7822
4845 4984 7823
4883 6119 7824
5031 97 7825
6194 626 7826
268 1177 7827
278 105 7828
304 400 7829
311 3436 7830
333 336 7831
333 435 7832
369 111 7833
369 2442 7834
385 117 7835
396 1024 7836
483 457 7837
567 112 7838
635 97 7839
1094 281 7840
1127 1558 7841
2607 2691 7842
2638 281 7843
2744 6099 7844
2852 281 7845
4587 1404 7846
5481 474 7847
5698 357 7848
194 174 7849
208 187 7850
266 2046 7851
286 323 7852
288 281 7853
333 3135 7854
495 264 7855
538 6822 7856
658 119 7857
692 5448 7858
894 276 7859
2254 3298 7860
2996 108 7861
3823 274 7862
5951 599 7863
7770 584 7864
256 344 7865
338 114 7866
358 666 7867
424 1115 7868
431 97 7869
439 1115 7870
442 1263 7871
461 115 7872
514 115 7873
1350 6350 7874
1418 2526 7875
1767 117 7876
1847 282 7877
1852 327 7878
2617 318 7879
5527 102 7880
6075 4203 7881
6295 675 7882
7121 484 7883
105 195 7884
306 3796 7885
313 293 7886
314 120 7887
415 418 7888
1393 290 7889
1623 281 7890
2386 312 7891
2668 281 7892
5104 2238 7893
7113 4806 7894
53 56 7895
65 66 7896
98 578 7897
100 813 7898
109 370 7899
256 376 7900
266 620 7901
268 673 7902
328 77 7903
347 396 7904
362 322 7905
502 843 7906
717 686 7907
795 121 7908
1065 1588 7909
2231 528 7910
2728 4628 7911
4549 1793 7912
6562 1236 7913
67 315 7914
256 317 7915
268 6717 7916
291 547 7917
321 281 7918
345 3156 7919
441 474 7920
442 325 7921
688 267 7922
780 115 7923
982 506 7924
1027 6841 7925
1045 1024 7926
1821 263 7927
2381 308 7928
3363 1585 7929
4113 271 7930
4551 4699 7931
55 52 7932
65 408 7933
69 67 7934
76 101 7935
83 82 7936
99 259 7937
260 469 7938
273 1049 7939
275 273 7940
452 325 7941
454 555 7942
508 3896 7943
651 119 7944
1069 5068 7945
1343 6367 7946
1758 365 7947
2372 520 7948
2703 282 7949
2808 418 7950
3203 7191 7951
4534 757 7952
6013 447 7953
6976 530 7954
7107 108 7955
87 582 7956
215 153 7957
260 121 7958
279 263 7959
362 6054 7960
438 1502 7961
442 449 7962
480 370 7963
542 281 7964
565 282 7965
612 1485 7966
728 5323 7967
1292 1293 7968
1909 349 7969
2771 281 7970
2845 282 7971
4210 1431 7972
4578 2886 7973
37 41 7974
48 50 7975
48 53 7976
66 78 7977
77 101 7978
105 1399 7979
109 2166 7980
115 599 7981
302 276 7982
333 1126 7983
389 278 7984
441 276 7985
559 2252 7986
737 621 7987
770 471 7988
1053 6128 7989
1208 1935 7990
1624 318 7991
1797 907 7992
3374 484 7993
3449 794 7994
3819 282 7995
4074 115 7996
4094 869 7997
4818 5156 7998
80 597 7999
116 690 8000
209 129 8001
273 357 8002
291 2861 8003
294 121 8004
412 284 8005
442 1285 8006
453 2102 8007
459 261 8008
486 721 8009
598 269 8010
1521 670 8011
1765 447 8012
1968 308 8013
2081 5403 8014
2251 460 8015
2900 2046 8016
3857 281 8017
5330 7196 8018
5885 278 8019
80 114 8020
103 1119 8021
111 336 8022
256 117 8023
275 355 8024
304 6948 8025
316 535 8026
328 305 8027
331 2588 8028
337 84 8029
438 1511 8030
522 602 8031
553 109 8032
651 314 8033
741 267 8034
937 2993 8035
1069 777 8036
1192 271 8037
1523 5579 8038
2038 108 8039
2190 259 8040
3206 260 8041
4925 281 8042
5854 1363 8043
77 282 8044
286 397 8045
306 556 8046
331 509 8047
333 6750 8048
368 350 8049
368 690 8050
374 3156 8051
423 451 8052
488 282 8053
903 98 8054
914 107 8055
2159 263 8056
2287 764 8057
2414 3795 8058
2481 364 8059
2589 269 8060
3836 276 8061
5106 5565 8062
5260 6904 8063
5313 7144 8064
102 7023 8065
111 259 8066
256 577 8067
256 1903 8068
260 97 8069
268 6775 8070
284 1083 8071
333 986 8072
333 5762 8073
341 112 8074
392 1115 8075
456 315 8076
585 879 8077
1414 115 8078
1525 349 8079
2052 430 8080
2362 2783 8081
2372 1529 8082
2450 4987 8083
2557 312 8084
2875 3071 8085
3038 121 8086
3427 282 8087
3715 295 8088
5490 556 8089
85 84 8090
256 377 8091
256 578 8092
268 416 8093
273 3275 8094
286 460 8095
441 80 8096
442 364 8097
451 314 8098
478 3600 8099
553 3450 8100
689 467 8101
726 308 8102
840 2270 8103
1325 53 8104
1550 891 8105
1761 451 8106
2386 469 8107
3799 84 8108
4646 2965 8109
4654 1869 8110
4992 3020 8111
5955 1339 8112
101 274 8113
262 4998 8114
275 3523 8115
284 108 8116
302 263 8117
431 4320 8118
486 121 8119
664 2426 8120
814 340 8121
855 1553 8122
890 447 8123
892 282 8124
1343 2303 8125
3271 115 8126
3581 896 8127
4802 274 8128
76 79 8129
84 3958 8130
293 264 8131
305 512 8132
315 2075 8133
338 474 8134
364 447 8135
369 5274 8136
385 2793 8137
392 282 8138
525 3021 8139
658 1451 8140
682 56 8141
2288 370 8142
2391 281 8143
2452 1865 8144
2498 896 8145
2967 582 8146
3145 3872 8147
3689 526 8148
4517 660 8149
4533 116 8150
4537 282 8151
6464 5347 8152
7857 3165 8153
82 65 8154
260 102 8155
268 6042 8156
273 530 8157
276 672 8158
315 107 8159
328 363 8160
336 662 8161
415 121 8162
437 115 8163
841 1409 8164
2089 2506 8165
5753 2935 8166
54 52 8167
65 109 8168
76 83 8169
99 339 8170
336 365 8171
338 4586 8172
665 281 8173
814 274 8174
911 492 8175
1055 115 8176
1688 101 8177
1861 260 8178
2009 2219 8179
2151 383 8180
4432 112 8181
6506 281 8182
6519 308 8183
264 418 8184
275 344 8185
277 1421 8186
347 3371 8187
412 6422 8188
